db_timestamp,api_timestamp,db_wind_speed,api_wind_speed,wind_speed_offset_pct,db_wind_power_density,api_wind_power_density,wind_power_density_offset_pct,db_irradiance,api_irradiance,irradiance_offset_pct,db_solar_energy_yield,api_solar_energy_yield,solar_energy_yield_offset_pct,db_temperature,api_temperature,db_humidity,api_humidity
1/1/2025 0:00,3/3/2026 10:03,3.25,4.02,23.69,21.05,39.79,89.03,9.76,950,9633.61,0.02,3.04,15100,24.48,29.03,87.06,75
1/1/2025 1:00,3/3/2026 10:03,1.86,4.02,116.13,3.93,39.79,912.47,18.51,950,5032.36,0.04,3.04,7500,24.4,29.03,78.22,75
1/1/2025 2:00,3/3/2026 10:03,3.49,4.02,15.19,25.94,39.79,53.39,14.36,950,6515.6,0.02,3.04,15100,24.32,29.03,82.34,75
1/1/2025 3:00,3/3/2026 10:03,3.19,4.02,26.02,19.86,39.79,100.35,15.56,950,6005.4,0.03,3.04,10033.33,24.49,29.03,78.87,75
1/1/2025 4:00,3/3/2026 10:03,2.62,4.02,53.44,10.98,39.79,262.39,8.2,950,11485.37,0.01,3.04,30300,24.32,29.03,79.51,75
1/1/2025 5:00,3/3/2026 10:03,2.33,4.02,72.53,7.71,39.79,416.08,9.19,950,10237.32,0.02,3.04,15100,25.05,29.03,85.8,75
1/1/2025 6:00,3/3/2026 10:03,4.8,4.02,-16.25,67.79,39.79,-41.3,3.57,950,26510.64,0.01,3.04,30300,25.6,29.03,61.85,75
1/1/2025 7:00,3/3/2026 10:03,4.69,4.02,-14.29,63.31,39.79,-37.15,107.58,950,783.06,0.17,3.04,1688.24,25.89,29.03,64.73,75
1/1/2025 8:00,3/3/2026 10:03,5.09,4.02,-21.02,80.72,39.79,-50.71,203.46,950,366.92,0.26,3.04,1069.23,26.44,29.03,62.94,75
1/1/2025 9:00,3/3/2026 10:03,3.39,4.02,18.58,23.87,39.79,66.69,305.54,950,210.92,0.37,3.04,721.62,25.89,29.03,61.99,75
1/1/2025 10:00,3/3/2026 10:03,5.45,4.02,-26.24,99.1,39.79,-59.85,410.4,950,131.48,0.58,3.04,424.14,28.02,29.03,58.39,75
1/1/2025 11:00,3/3/2026 10:03,5.87,4.02,-31.52,124.11,39.79,-67.94,486.37,950,95.32,0.99,3.04,207.07,27.91,29.03,60.07,75
1/1/2025 12:00,3/3/2026 10:03,5.18,4.02,-22.39,85.17,39.79,-53.28,621.86,950,52.77,1.46,3.04,108.22,27.89,29.03,56.95,75
1/1/2025 13:00,3/3/2026 10:03,5.14,4.02,-21.79,83.33,39.79,-52.25,514.99,950,84.47,1.31,3.04,132.06,27.69,29.03,57.28,75
1/1/2025 14:00,3/3/2026 10:03,6.63,4.02,-39.37,178.68,39.79,-77.73,436.9,950,117.44,1.2,3.04,153.33,27.24,29.03,58.67,75
1/1/2025 15:00,3/3/2026 10:03,6.51,4.02,-38.25,168.82,39.79,-76.43,380.14,950,149.91,1.3,3.04,133.85,25.22,29.03,65.74,75
1/1/2025 16:00,3/3/2026 10:03,5.02,4.02,-19.92,77.7,39.79,-48.79,292.63,950,224.64,1.12,3.04,171.43,25.14,29.03,65.12,75
1/1/2025 17:00,3/3/2026 10:03,4.16,4.02,-3.37,44.03,39.79,-9.63,266.69,950,256.22,1.16,3.04,162.07,25.19,29.03,67.35,75
1/1/2025 18:00,3/3/2026 10:03,5.22,4.02,-22.99,87.32,39.79,-54.43,10.46,950,8982.22,0.02,3.04,15100,25.79,29.03,60.99,75
1/1/2025 19:00,3/3/2026 10:03,3.65,4.02,10.14,29.68,39.79,34.06,14.87,950,6288.7,0.02,3.04,15100,25.26,29.03,64.2,75
1/1/2025 20:00,3/3/2026 10:03,4.17,4.02,-3.6,44.47,39.79,-10.52,8.81,950,10683.2,0.02,3.04,15100,25.24,29.03,68.82,75
1/1/2025 21:00,3/3/2026 10:03,4.27,4.02,-5.85,47.7,39.79,-16.58,7.02,950,13432.76,0.01,3.04,30300,25.9,29.03,66.26,75
1/1/2025 22:00,3/3/2026 10:03,3.53,4.02,13.88,26.95,39.79,47.64,2.63,950,36021.67,0.01,3.04,30300,25.39,29.03,65.85,75
1/1/2025 23:00,3/3/2026 10:03,3.92,4.02,2.55,36.87,39.79,7.92,11.64,950,8061.51,0.02,3.04,15100,26.04,29.03,65.6,75
1/2/2025 0:00,3/3/2026 10:03,2.99,4.02,34.45,16.37,39.79,143.07,16.45,950,5675.08,0.03,3.04,10033.33,25.2,29.03,81.35,75
1/2/2025 1:00,3/3/2026 10:03,3.21,4.02,25.23,20.19,39.79,97.08,12.27,950,7642.46,0.02,3.04,15100,24.38,29.03,82.17,75
1/2/2025 2:00,3/3/2026 10:03,3.12,4.02,28.85,18.6,39.79,113.92,0.51,950,186174.51,0,3.04,100,24.84,29.03,84.21,75
1/2/2025 3:00,3/3/2026 10:03,2.1,4.02,91.43,5.66,39.79,603,11.67,950,8040.53,0.02,3.04,15100,24.83,29.03,84.59,75
1/2/2025 4:00,3/3/2026 10:03,3.51,4.02,14.53,26.41,39.79,50.66,19.53,950,4764.31,0.03,3.04,10033.33,24.99,29.03,82.2,75
1/2/2025 5:00,3/3/2026 10:03,2.79,4.02,44.09,13.26,39.79,200.08,11.61,950,8082.6,0.02,3.04,15100,25.17,29.03,83.53,75
1/2/2025 6:00,3/3/2026 10:03,3.79,4.02,6.07,33.4,39.79,19.13,0,950,100,0,3.04,100,26,29.03,68.1,75
1/2/2025 7:00,3/3/2026 10:03,4,4.02,0.5,39.13,39.79,1.69,121.41,950,682.47,0.16,3.04,1800,26.15,29.03,63.63,75
1/2/2025 8:00,3/3/2026 10:03,3.77,4.02,6.63,32.86,39.79,21.09,248.52,950,282.26,0.41,3.04,641.46,25.71,29.03,66.81,75
1/2/2025 9:00,3/3/2026 10:03,5.15,4.02,-21.94,83.7,39.79,-52.46,348.76,950,172.39,0.58,3.04,424.14,25.53,29.03,63.23,75
1/2/2025 10:00,3/3/2026 10:03,5.63,4.02,-28.6,109.39,39.79,-63.63,460.75,950,106.19,1.03,3.04,195.15,27.38,29.03,53.9,75
1/2/2025 11:00,3/3/2026 10:03,5.23,4.02,-23.14,87.86,39.79,-54.71,641.04,950,48.2,1.8,3.04,68.89,27.72,29.03,61.14,75
1/2/2025 12:00,3/3/2026 10:03,5.63,4.02,-28.6,109.32,39.79,-63.6,718.69,950,32.18,1.86,3.04,63.44,27.65,29.03,52.63,75
1/2/2025 13:00,3/3/2026 10:03,5.39,4.02,-25.42,95.98,39.79,-58.54,491.57,950,93.26,1.05,3.04,189.52,27.81,29.03,57.85,75
1/2/2025 14:00,3/3/2026 10:03,5.22,4.02,-22.99,87.12,39.79,-54.33,494.52,950,92.11,1.51,3.04,101.32,27.71,29.03,55,75
1/2/2025 15:00,3/3/2026 10:03,6.22,4.02,-35.37,147.33,39.79,-72.99,323.9,950,193.3,0.88,3.04,245.45,25.4,29.03,69.65,75
1/2/2025 16:00,3/3/2026 10:03,4.8,4.02,-16.25,67.85,39.79,-41.36,288.35,950,229.46,0.96,3.04,216.67,26.07,29.03,64.69,75
1/2/2025 17:00,3/3/2026 10:03,4.16,4.02,-3.37,44.01,39.79,-9.59,263.67,950,260.3,1.05,3.04,189.52,25.96,29.03,68.08,75
1/2/2025 18:00,3/3/2026 10:03,3.39,4.02,18.58,23.94,39.79,66.21,10.24,950,9177.34,0.02,3.04,15100,25.24,29.03,63.24,75
1/2/2025 19:00,3/3/2026 10:03,3.41,4.02,17.89,24.37,39.79,63.27,1.4,950,67757.14,0,3.04,100,25.25,29.03,63.75,75
1/2/2025 20:00,3/3/2026 10:03,4.52,4.02,-11.06,56.64,39.79,-29.75,2,950,47400,0,3.04,100,25.19,29.03,63.22,75
1/2/2025 21:00,3/3/2026 10:03,4.16,4.02,-3.37,44.09,39.79,-9.75,6.94,950,13588.76,0.01,3.04,30300,25.2,29.03,64.54,75
1/2/2025 22:00,3/3/2026 10:03,4.23,4.02,-4.96,46.52,39.79,-14.47,8.58,950,10972.26,0.02,3.04,15100,26.03,29.03,69.77,75
1/2/2025 23:00,3/3/2026 10:03,3.48,4.02,15.52,25.81,39.79,54.17,4.71,950,20069.85,0.01,3.04,30300,25.61,29.03,66.5,75
1/3/2025 0:00,3/3/2026 10:03,3.19,4.02,26.02,19.92,39.79,99.75,0.72,950,131844.44,0,3.04,100,24.94,29.03,80.51,75
1/3/2025 1:00,3/3/2026 10:03,2.48,4.02,62.1,9.37,39.79,324.65,7.98,950,11804.76,0.01,3.04,30300,24.48,29.03,86.51,75
1/3/2025 2:00,3/3/2026 10:03,1.77,4.02,127.12,3.37,39.79,1080.71,11.74,950,7991.99,0.02,3.04,15100,24.86,29.03,80.07,75
1/3/2025 3:00,3/3/2026 10:03,2.68,4.02,50,11.85,39.79,235.78,6.34,950,14884.23,0.01,3.04,30300,25.22,29.03,84.71,75
1/3/2025 4:00,3/3/2026 10:03,3.1,4.02,29.68,18.3,39.79,117.43,1.63,950,58182.21,0,3.04,100,25.28,29.03,83.04,75
1/3/2025 5:00,3/3/2026 10:03,2.35,4.02,71.06,7.97,39.79,399.25,6.54,950,14425.99,0.01,3.04,30300,25.16,29.03,86.67,75
1/3/2025 6:00,3/3/2026 10:03,3.5,4.02,14.86,26.23,39.79,51.7,0,950,100,0,3.04,100,26.41,29.03,65.26,75
1/3/2025 7:00,3/3/2026 10:03,4.81,4.02,-16.42,68.25,39.79,-41.7,79.4,950,1096.47,0.1,3.04,2940,25.66,29.03,69.54,75
1/3/2025 8:00,3/3/2026 10:03,4.41,4.02,-8.84,52.67,39.79,-24.45,250.25,950,279.62,0.39,3.04,679.49,26.17,29.03,65.3,75
1/3/2025 9:00,3/3/2026 10:03,4.81,4.02,-16.42,67.99,39.79,-41.48,362.61,950,161.99,0.61,3.04,398.36,25.75,29.03,65.26,75
1/3/2025 10:00,3/3/2026 10:03,4.96,4.02,-18.95,74.74,39.79,-46.76,373.75,950,154.18,0.55,3.04,452.73,27.55,29.03,58.37,75
1/3/2025 11:00,3/3/2026 10:03,4.9,4.02,-17.96,72.08,39.79,-44.8,625.83,950,51.8,1.29,3.04,135.66,27.28,29.03,59.99,75
1/3/2025 12:00,3/3/2026 10:03,6.55,4.02,-38.63,172.07,39.79,-76.88,540.87,950,75.64,1.16,3.04,162.07,27.65,29.03,58.05,75
1/3/2025 13:00,3/3/2026 10:03,4.8,4.02,-16.25,67.81,39.79,-41.32,574.49,950,65.36,1.75,3.04,73.71,27.35,29.03,54.98,75
1/3/2025 14:00,3/3/2026 10:03,6.15,4.02,-34.63,142.36,39.79,-72.05,534.68,950,77.68,1.93,3.04,57.51,27.88,29.03,60.85,75
1/3/2025 15:00,3/3/2026 10:03,6.28,4.02,-35.99,151.4,39.79,-73.72,446.57,950,112.73,1.77,3.04,71.75,25.77,29.03,62.36,75
1/3/2025 16:00,3/3/2026 10:03,4.4,4.02,-8.64,52.3,39.79,-23.92,351.19,950,170.51,1.54,3.04,97.4,25.47,29.03,60.26,75
1/3/2025 17:00,3/3/2026 10:03,3.45,4.02,16.52,25.21,39.79,57.83,208.82,950,354.94,0.72,3.04,322.22,25.38,29.03,64.2,75
1/3/2025 18:00,3/3/2026 10:03,3.67,4.02,9.54,30.17,39.79,31.89,14.6,950,6406.85,0.03,3.04,10033.33,25.87,29.03,64.73,75
1/3/2025 19:00,3/3/2026 10:03,3.99,4.02,0.75,38.9,39.79,2.29,4.24,950,22305.66,0.01,3.04,30300,25.88,29.03,67.64,75
1/3/2025 20:00,3/3/2026 10:03,4.27,4.02,-5.85,47.56,39.79,-16.34,12.66,950,7403.95,0.02,3.04,15100,25.51,29.03,69.13,75
1/3/2025 21:00,3/3/2026 10:03,5.11,4.02,-21.33,81.54,39.79,-51.2,0.42,950,226090.48,0,3.04,100,25.45,29.03,63.94,75
1/3/2025 22:00,3/3/2026 10:03,3.95,4.02,1.77,37.76,39.79,5.38,12.46,950,7524.4,0.02,3.04,15100,25.42,29.03,63.7,75
1/3/2025 23:00,3/3/2026 10:03,4.54,4.02,-11.45,57.17,39.79,-30.4,4.34,950,21789.4,0.01,3.04,30300,25.27,29.03,63.46,75
1/4/2025 0:00,3/3/2026 10:03,2.82,4.02,42.55,13.79,39.79,188.54,11.67,950,8040.53,0.02,3.04,15100,25.07,29.03,84.1,75
1/4/2025 1:00,3/3/2026 10:03,2.34,4.02,71.79,7.82,39.79,408.82,9.18,950,10248.58,0.02,3.04,15100,24.45,29.03,80.09,75
1/4/2025 2:00,3/3/2026 10:03,3.51,4.02,14.53,26.47,39.79,50.32,3.06,950,30945.75,0.01,3.04,30300,24.99,29.03,78.93,75
1/4/2025 3:00,3/3/2026 10:03,3.42,4.02,17.54,24.56,39.79,62.01,18.62,950,5002.04,0.03,3.04,10033.33,24.67,29.03,82.1,75
1/4/2025 4:00,3/3/2026 10:03,2.22,4.02,81.08,6.73,39.79,491.23,1.82,950,52097.8,0,3.04,100,25.08,29.03,84.32,75
1/4/2025 5:00,3/3/2026 10:03,2.51,4.02,60.16,9.66,39.79,311.9,4.82,950,19609.54,0.01,3.04,30300,24.62,29.03,85.31,75
1/4/2025 6:00,3/3/2026 10:03,4.79,4.02,-16.08,67.21,39.79,-40.8,27.44,950,3362.1,0.03,3.04,10033.33,25.65,29.03,69.82,75
1/4/2025 7:00,3/3/2026 10:03,5.08,4.02,-20.87,80.47,39.79,-50.55,126.69,950,649.86,0.2,3.04,1420,25.77,29.03,68.29,75
1/4/2025 8:00,3/3/2026 10:03,4.8,4.02,-16.25,67.58,39.79,-41.12,164.48,950,477.58,0.22,3.04,1281.82,26.44,29.03,66.71,75
1/4/2025 9:00,3/3/2026 10:03,3.62,4.02,11.05,28.94,39.79,37.49,303.99,950,212.51,0.4,3.04,660,26.01,29.03,65.16,75
1/4/2025 10:00,3/3/2026 10:03,5.36,4.02,-25,94.41,39.79,-57.85,395.39,950,140.27,0.59,3.04,415.25,27.98,29.03,56.49,75
1/4/2025 11:00,3/3/2026 10:03,4.85,4.02,-17.11,69.99,39.79,-43.15,595.87,950,59.43,1.39,3.04,118.71,27.26,29.03,54.32,75
1/4/2025 12:00,3/3/2026 10:03,6.75,4.02,-40.44,188.12,39.79,-78.85,565.58,950,67.97,1.02,3.04,198.04,27.11,29.03,60.76,75
1/4/2025 13:00,3/3/2026 10:03,6.65,4.02,-39.55,179.84,39.79,-77.87,622.44,950,52.63,1.97,3.04,54.31,27.38,29.03,60.26,75
1/4/2025 14:00,3/3/2026 10:03,5.53,4.02,-27.31,103.61,39.79,-61.6,500.35,950,89.87,1.59,3.04,91.19,27.47,29.03,61.25,75
1/4/2025 15:00,3/3/2026 10:03,6.27,4.02,-35.89,150.97,39.79,-73.64,439.07,950,116.37,1.76,3.04,72.73,25.45,29.03,65,75
1/4/2025 16:00,3/3/2026 10:03,5.28,4.02,-23.86,90.17,39.79,-55.87,372.18,950,155.25,1.75,3.04,73.71,25.52,29.03,62.76,75
1/4/2025 17:00,3/3/2026 10:03,4.82,4.02,-16.6,68.57,39.79,-41.97,249.3,950,281.07,1.16,3.04,162.07,25.95,29.03,66.25,75
1/4/2025 18:00,3/3/2026 10:03,4.76,4.02,-15.55,66.24,39.79,-39.93,18.36,950,5074.29,0.03,3.04,10033.33,25.89,29.03,60.3,75
1/4/2025 19:00,3/3/2026 10:03,4.18,4.02,-3.83,44.59,39.79,-10.76,1.63,950,58182.21,0,3.04,100,25.6,29.03,68.92,75
1/4/2025 20:00,3/3/2026 10:03,4.02,4.02,0,39.65,39.79,0.35,16.08,950,5807.96,0.03,3.04,10033.33,25.58,29.03,64.01,75
1/4/2025 21:00,3/3/2026 10:03,5.09,4.02,-21.02,80.7,39.79,-50.69,15.71,950,5947.1,0.03,3.04,10033.33,26.09,29.03,66.88,75
1/4/2025 22:00,3/3/2026 10:03,3.88,4.02,3.61,35.86,39.79,10.96,8.49,950,11089.63,0.02,3.04,15100,25.77,29.03,65.34,75
1/4/2025 23:00,3/3/2026 10:03,4.71,4.02,-14.65,63.88,39.79,-37.71,5.84,950,16167.12,0.01,3.04,30300,25.39,29.03,65.31,75
1/5/2025 0:00,3/3/2026 10:03,3.3,4.02,21.82,22.06,39.79,80.37,15.89,950,5878.6,0.03,3.04,10033.33,24.48,29.03,79.07,75
1/5/2025 1:00,3/3/2026 10:03,1.68,4.02,139.29,2.9,39.79,1272.07,5.2,950,18169.23,0.01,3.04,30300,24.36,29.03,84.59,75
1/5/2025 2:00,3/3/2026 10:03,2.32,4.02,73.28,7.64,39.79,420.81,0.93,950,102050.54,0,3.04,100,24.52,29.03,79.89,75
1/5/2025 3:00,3/3/2026 10:03,1.85,4.02,117.3,3.87,39.79,928.17,18.43,950,5054.64,0.03,3.04,10033.33,24.58,29.03,82.77,75
1/5/2025 4:00,3/3/2026 10:03,1.62,4.02,148.15,2.63,39.79,1412.93,8.45,950,11142.6,0.02,3.04,15100,24.54,29.03,84.35,75
1/5/2025 5:00,3/3/2026 10:03,3.06,4.02,31.37,17.47,39.79,127.76,2.37,950,39984.39,0,3.04,100,24.48,29.03,78.32,75
1/5/2025 6:00,3/3/2026 10:03,4.39,4.02,-8.43,51.78,39.79,-23.16,5.49,950,17204.19,0.01,3.04,30300,26.15,29.03,66.49,75
1/5/2025 7:00,3/3/2026 10:03,4.56,4.02,-11.84,58.02,39.79,-31.42,66.57,950,1327.07,0.09,3.04,3277.78,25.58,29.03,69.96,75
1/5/2025 8:00,3/3/2026 10:03,4.62,4.02,-12.99,60.34,39.79,-34.06,211.51,950,349.15,0.39,3.04,679.49,25.63,29.03,69.68,75
1/5/2025 9:00,3/3/2026 10:03,4.88,4.02,-17.62,71.27,39.79,-44.17,327.22,950,190.32,0.47,3.04,546.81,26.47,29.03,60.97,75
1/5/2025 10:00,3/3/2026 10:03,6.7,4.02,-40,184.03,39.79,-78.38,489.39,950,94.12,0.9,3.04,237.78,27.28,29.03,55.08,75
1/5/2025 11:00,3/3/2026 10:03,6.56,4.02,-38.72,173.29,39.79,-77.04,553.1,950,71.76,1.17,3.04,159.83,27.54,29.03,52.53,75
1/5/2025 12:00,3/3/2026 10:03,5.76,4.02,-30.21,116.91,39.79,-65.97,605.42,950,56.92,1.23,3.04,147.15,27.63,29.03,59.46,75
1/5/2025 13:00,3/3/2026 10:03,5.69,4.02,-29.35,112.73,39.79,-64.7,576.07,950,64.91,1.7,3.04,78.82,27.96,29.03,52.36,75
1/5/2025 14:00,3/3/2026 10:03,5.2,4.02,-22.69,85.93,39.79,-53.69,509.64,950,86.41,1.94,3.04,56.7,27.46,29.03,54.77,75
1/5/2025 15:00,3/3/2026 10:03,6.2,4.02,-35.16,145.66,39.79,-72.68,344.53,950,175.74,0.93,3.04,226.88,25.22,29.03,61.04,75
1/5/2025 16:00,3/3/2026 10:03,3.8,4.02,5.79,33.63,39.79,18.32,303.82,950,212.69,1.19,3.04,155.46,25.34,29.03,67.4,75
1/5/2025 17:00,3/3/2026 10:03,4.11,4.02,-2.19,42.58,39.79,-6.55,235.91,950,302.7,1.03,3.04,195.15,25.54,29.03,62.18,75
1/5/2025 18:00,3/3/2026 10:03,3.9,4.02,3.08,36.24,39.79,9.8,1.36,950,69752.94,0,3.04,100,25.72,29.03,60.97,75
1/5/2025 19:00,3/3/2026 10:03,4,4.02,0.5,39.16,39.79,1.61,2.75,950,34445.45,0.01,3.04,30300,25.49,29.03,65.04,75
1/5/2025 20:00,3/3/2026 10:03,4.97,4.02,-19.11,75.23,39.79,-47.11,14.79,950,6323.26,0.03,3.04,10033.33,25.36,29.03,69.36,75
1/5/2025 21:00,3/3/2026 10:03,4.11,4.02,-2.19,42.57,39.79,-6.53,15.53,950,6017.19,0.03,3.04,10033.33,25.66,29.03,65.93,75
1/5/2025 22:00,3/3/2026 10:03,4.71,4.02,-14.65,63.96,39.79,-37.79,2.3,950,41204.35,0,3.04,100,25.4,29.03,68.91,75
1/5/2025 23:00,3/3/2026 10:03,4.27,4.02,-5.85,47.69,39.79,-16.57,3.91,950,24196.68,0.01,3.04,30300,25.99,29.03,60.33,75
1/6/2025 0:00,3/3/2026 10:03,3.47,4.02,15.85,25.57,39.79,55.61,7.27,950,12967.4,0.01,3.04,30300,24.44,29.03,83.51,75
1/6/2025 1:00,3/3/2026 10:03,2.66,4.02,51.13,11.57,39.79,243.91,11.67,950,8040.53,0.02,3.04,15100,24.54,29.03,83.7,75
1/6/2025 2:00,3/3/2026 10:03,3.1,4.02,29.68,18.29,39.79,117.55,15.84,950,5897.47,0.03,3.04,10033.33,24.9,29.03,81.61,75
1/6/2025 3:00,3/3/2026 10:03,2.7,4.02,48.89,12.08,39.79,229.39,10.56,950,8896.21,0.02,3.04,15100,24.58,29.03,79.13,75
1/6/2025 4:00,3/3/2026 10:03,2.31,4.02,74.03,7.5,39.79,430.53,3.87,950,24447.8,0.01,3.04,30300,25.15,29.03,82.87,75
1/6/2025 5:00,3/3/2026 10:03,1.99,4.02,102.01,4.82,39.79,725.52,4.56,950,20733.33,0.01,3.04,30300,24.43,29.03,84.01,75
1/6/2025 6:00,3/3/2026 10:03,4.1,4.02,-1.95,42.24,39.79,-5.8,23.01,950,4028.64,0.03,3.04,10033.33,25.64,29.03,68.99,75
1/6/2025 7:00,3/3/2026 10:03,5.02,4.02,-19.92,77.67,39.79,-48.77,92.8,950,923.71,0.13,3.04,2238.46,26.04,29.03,66.3,75
1/6/2025 8:00,3/3/2026 10:03,4.82,4.02,-16.6,68.63,39.79,-42.02,177.58,950,434.97,0.26,3.04,1069.23,26.16,29.03,69.62,75
1/6/2025 9:00,3/3/2026 10:03,4.27,4.02,-5.85,47.73,39.79,-16.64,376.79,950,152.13,0.66,3.04,360.61,26.05,29.03,68.12,75
1/6/2025 10:00,3/3/2026 10:03,5.76,4.02,-30.21,117.14,39.79,-66.03,346.17,950,174.43,0.57,3.04,433.33,27.76,29.03,54.98,75
1/6/2025 11:00,3/3/2026 10:03,5.94,4.02,-32.32,128.63,39.79,-69.07,449.95,950,111.13,0.65,3.04,367.69,27.73,29.03,61.88,75
1/6/2025 12:00,3/3/2026 10:03,6.52,4.02,-38.34,169.92,39.79,-76.58,542.65,950,75.07,1.26,3.04,141.27,27.98,29.03,54.03,75
1/6/2025 13:00,3/3/2026 10:03,6.12,4.02,-34.31,140.48,39.79,-71.68,536.25,950,77.16,1.53,3.04,98.69,27.93,29.03,60.49,75
1/6/2025 14:00,3/3/2026 10:03,5.75,4.02,-30.09,116.3,39.79,-65.79,476.44,950,99.4,1.41,3.04,115.6,27.65,29.03,61.39,75
1/6/2025 15:00,3/3/2026 10:03,5.79,4.02,-30.57,119.12,39.79,-66.6,406.09,950,133.94,1.42,3.04,114.08,25.27,29.03,64.08,75
1/6/2025 16:00,3/3/2026 10:03,4.13,4.02,-2.66,43.28,39.79,-8.06,318.1,950,198.65,1.13,3.04,169.03,25.57,29.03,63.04,75
1/6/2025 17:00,3/3/2026 10:03,3.52,4.02,14.2,26.83,39.79,48.3,214.17,950,343.57,0.92,3.04,230.43,25.78,29.03,61.85,75
1/6/2025 18:00,3/3/2026 10:03,3.61,4.02,11.36,28.78,39.79,38.26,12.41,950,7555.12,0.02,3.04,15100,25.77,29.03,63.33,75
1/6/2025 19:00,3/3/2026 10:03,4.57,4.02,-12.04,58.4,39.79,-31.87,3.71,950,25506.47,0.01,3.04,30300,25.81,29.03,65.39,75
1/6/2025 20:00,3/3/2026 10:03,3.88,4.02,3.61,35.69,39.79,11.49,12.59,950,7445.67,0.02,3.04,15100,25.25,29.03,60.91,75
1/6/2025 21:00,3/3/2026 10:03,4.12,4.02,-2.43,42.7,39.79,-6.81,5.06,950,18674.7,0.01,3.04,30300,25.27,29.03,69.94,75
1/6/2025 22:00,3/3/2026 10:03,5.28,4.02,-23.86,90.18,39.79,-55.88,2.7,950,35085.19,0.01,3.04,30300,25.27,29.03,64.01,75
1/6/2025 23:00,3/3/2026 10:03,3.51,4.02,14.53,26.5,39.79,50.15,19.44,950,4786.83,0.03,3.04,10033.33,26.03,29.03,69.77,75
1/7/2025 0:00,3/3/2026 10:03,2.31,4.02,74.03,7.51,39.79,429.83,19.44,950,4786.83,0.03,3.04,10033.33,24.79,29.03,81.76,75
1/7/2025 1:00,3/3/2026 10:03,1.89,4.02,112.7,4.13,39.79,863.44,9.75,950,9643.59,0.02,3.04,15100,24.48,29.03,80.56,75
1/7/2025 2:00,3/3/2026 10:03,3.08,4.02,30.52,17.91,39.79,122.17,12.97,950,7224.6,0.02,3.04,15100,24.82,29.03,80.45,75
1/7/2025 3:00,3/3/2026 10:03,2.9,4.02,38.62,14.97,39.79,165.8,12.09,950,7757.73,0.02,3.04,15100,24.57,29.03,82.49,75
1/7/2025 4:00,3/3/2026 10:03,2.89,4.02,39.1,14.86,39.79,167.77,3.59,950,26362.4,0.01,3.04,30300,24.75,29.03,83.23,75
1/7/2025 5:00,3/3/2026 10:03,2.78,4.02,44.6,13.12,39.79,203.28,14.15,950,6613.78,0.03,3.04,10033.33,24.96,29.03,80.06,75
1/7/2025 6:00,3/3/2026 10:03,4.58,4.02,-12.23,58.66,39.79,-32.17,42.17,950,2152.79,0.08,3.04,3700,25.57,29.03,64.87,75
1/7/2025 7:00,3/3/2026 10:03,4.05,4.02,-0.74,40.83,39.79,-2.55,111.26,950,753.86,0.14,3.04,2071.43,25.62,29.03,68.58,75
1/7/2025 8:00,3/3/2026 10:03,4.1,4.02,-1.95,42.14,39.79,-5.58,231.56,950,310.26,0.41,3.04,641.46,26.24,29.03,60.09,75
1/7/2025 9:00,3/3/2026 10:03,3.4,4.02,18.24,24.01,39.79,65.72,283.53,950,235.06,0.37,3.04,721.62,25.73,29.03,69.15,75
1/7/2025 10:00,3/3/2026 10:03,5.16,4.02,-22.09,84.11,39.79,-52.69,453.43,950,109.51,0.89,3.04,241.57,27.47,29.03,52.2,75
1/7/2025 11:00,3/3/2026 10:03,5.75,4.02,-30.09,116.5,39.79,-65.85,449.13,950,111.52,0.87,3.04,249.43,27.24,29.03,57.75,75
1/7/2025 12:00,3/3/2026 10:03,5.71,4.02,-29.6,113.78,39.79,-65.03,572.81,950,65.85,1.33,3.04,128.57,27.66,29.03,52.03,75
1/7/2025 13:00,3/3/2026 10:03,5.84,4.02,-31.16,122.16,39.79,-67.43,465.04,950,104.28,1,3.04,204,27.87,29.03,55.1,75
1/7/2025 14:00,3/3/2026 10:03,6.66,4.02,-39.64,181.33,39.79,-78.06,563.23,950,68.67,2.27,3.04,33.92,27.11,29.03,54.13,75
1/7/2025 15:00,3/3/2026 10:03,6.65,4.02,-39.55,180.03,39.79,-77.9,438.67,950,116.56,1.78,3.04,70.79,26.06,29.03,60.25,75
1/7/2025 16:00,3/3/2026 10:03,5.21,4.02,-22.84,86.65,39.79,-54.08,323.09,950,194.04,1.46,3.04,108.22,26.04,29.03,67.37,75
1/7/2025 17:00,3/3/2026 10:03,5,4.02,-19.6,76.57,39.79,-48.03,279.64,950,239.72,1.34,3.04,126.87,25.32,29.03,64.5,75
1/7/2025 18:00,3/3/2026 10:03,5.29,4.02,-24.01,90.86,39.79,-56.21,0.2,950,474900,0,3.04,100,25.65,29.03,67.65,75
1/7/2025 19:00,3/3/2026 10:03,3.61,4.02,11.36,28.92,39.79,37.59,6.28,950,15027.39,0.01,3.04,30300,25.21,29.03,67.23,75
1/7/2025 20:00,3/3/2026 10:03,3.51,4.02,14.53,26.43,39.79,50.55,19.57,950,4754.37,0.04,3.04,7500,26.09,29.03,64.21,75
1/7/2025 21:00,3/3/2026 10:03,4.59,4.02,-12.42,59.27,39.79,-32.87,14.91,950,6271.56,0.03,3.04,10033.33,25.48,29.03,60.45,75
1/7/2025 22:00,3/3/2026 10:03,5.04,4.02,-20.24,78.2,39.79,-49.12,3.41,950,27759.24,0.01,3.04,30300,26.03,29.03,68.12,75
1/7/2025 23:00,3/3/2026 10:03,3.78,4.02,6.35,33.17,39.79,19.96,14.36,950,6515.6,0.02,3.04,15100,25.85,29.03,62.8,75
1/8/2025 0:00,3/3/2026 10:03,2.94,4.02,36.73,15.49,39.79,156.88,12.08,950,7764.24,0.02,3.04,15100,24.94,29.03,86.46,75
1/8/2025 1:00,3/3/2026 10:03,3.23,4.02,24.46,20.57,39.79,93.44,11.46,950,8189.7,0.02,3.04,15100,25.09,29.03,83.71,75
1/8/2025 2:00,3/3/2026 10:03,3.3,4.02,21.82,22,39.79,80.86,13.57,950,6900.74,0.02,3.04,15100,24.51,29.03,84.4,75
1/8/2025 3:00,3/3/2026 10:03,2.68,4.02,50,11.81,39.79,236.92,12.13,950,7731.82,0.02,3.04,15100,24.94,29.03,85.65,75
1/8/2025 4:00,3/3/2026 10:03,2.93,4.02,37.2,15.39,39.79,158.54,0.01,950,9499900,0,3.04,100,24.96,29.03,81.83,75
1/8/2025 5:00,3/3/2026 10:03,2.14,4.02,87.85,5.99,39.79,564.27,8.38,950,11236.52,0.02,3.04,15100,24.73,29.03,78.65,75
1/8/2025 6:00,3/3/2026 10:03,4.82,4.02,-16.6,68.49,39.79,-41.9,0,950,100,0,3.04,100,25.99,29.03,68.39,75
1/8/2025 7:00,3/3/2026 10:03,5.24,4.02,-23.28,88.21,39.79,-54.89,88.04,950,979.05,0.12,3.04,2433.33,26.13,29.03,69.72,75
1/8/2025 8:00,3/3/2026 10:03,4.25,4.02,-5.41,46.88,39.79,-15.12,266.18,950,256.9,0.43,3.04,606.98,26,29.03,61.61,75
1/8/2025 9:00,3/3/2026 10:03,5.11,4.02,-21.33,81.56,39.79,-51.21,240.41,950,295.16,0.29,3.04,948.28,26.11,29.03,68.91,75
1/8/2025 10:00,3/3/2026 10:03,5.68,4.02,-29.23,112.53,39.79,-64.64,366.97,950,158.88,0.5,3.04,508,27.89,29.03,60.96,75
1/8/2025 11:00,3/3/2026 10:03,6.79,4.02,-40.8,191.39,39.79,-79.21,468.33,950,102.85,0.88,3.04,245.45,27.99,29.03,58.53,75
1/8/2025 12:00,3/3/2026 10:03,6.18,4.02,-34.95,144.75,39.79,-72.51,639.04,950,48.66,1.47,3.04,106.8,27.76,29.03,59.65,75
1/8/2025 13:00,3/3/2026 10:03,5.89,4.02,-31.75,125.2,39.79,-68.22,582.4,950,63.12,1.97,3.04,54.31,27.39,29.03,55.84,75
1/8/2025 14:00,3/3/2026 10:03,6.51,4.02,-38.25,169.23,39.79,-76.49,429.4,950,121.24,1.07,3.04,184.11,27.11,29.03,56.51,75
1/8/2025 15:00,3/3/2026 10:03,5.41,4.02,-25.69,96.81,39.79,-58.9,369.06,950,157.41,1.23,3.04,147.15,25.82,29.03,63.71,75
1/8/2025 16:00,3/3/2026 10:03,3.9,4.02,3.08,36.29,39.79,9.64,312.77,950,203.74,1.21,3.04,151.24,25.18,29.03,64.69,75
1/8/2025 17:00,3/3/2026 10:03,4.57,4.02,-12.04,58.3,39.79,-31.75,270.94,950,250.63,1.21,3.04,151.24,25.62,29.03,60.19,75
1/8/2025 18:00,3/3/2026 10:03,4.94,4.02,-18.62,74.03,39.79,-46.25,4.73,950,19984.57,0.01,3.04,30300,25.91,29.03,67.59,75
1/8/2025 19:00,3/3/2026 10:03,3.33,4.02,20.72,22.72,39.79,75.13,2.13,950,44500.94,0,3.04,100,25.69,29.03,61.34,75
1/8/2025 20:00,3/3/2026 10:03,4.98,4.02,-19.28,75.46,39.79,-47.27,9.58,950,9816.49,0.02,3.04,15100,25.72,29.03,65.4,75
1/8/2025 21:00,3/3/2026 10:03,3.59,4.02,11.98,28.4,39.79,40.11,10.16,950,9250.39,0.02,3.04,15100,25.82,29.03,61.55,75
1/8/2025 22:00,3/3/2026 10:03,4.33,4.02,-7.16,49.71,39.79,-19.96,13.51,950,6931.83,0.02,3.04,15100,25.37,29.03,61.72,75
1/8/2025 23:00,3/3/2026 10:03,3.31,4.02,21.45,22.18,39.79,79.4,8.85,950,10634.46,0.01,3.04,30300,25.56,29.03,68.72,75
1/9/2025 0:00,3/3/2026 10:03,2.21,4.02,81.9,6.61,39.79,501.97,3.97,950,23829.47,0.01,3.04,30300,24.58,29.03,85.21,75
1/9/2025 1:00,3/3/2026 10:03,3.1,4.02,29.68,18.24,39.79,118.15,6.21,950,15197.91,0.01,3.04,30300,24.4,29.03,83.94,75
1/9/2025 2:00,3/3/2026 10:03,2.62,4.02,53.44,11.01,39.79,261.4,0.39,950,243489.74,0,3.04,100,24.41,29.03,83.57,75
1/9/2025 3:00,3/3/2026 10:03,1.89,4.02,112.7,4.11,39.79,868.13,15.83,950,5901.26,0.03,3.04,10033.33,24.7,29.03,87.3,75
1/9/2025 4:00,3/3/2026 10:03,1.64,4.02,145.12,2.69,39.79,1379.18,4.18,950,22627.27,0.01,3.04,30300,24.33,29.03,83.83,75
1/9/2025 5:00,3/3/2026 10:03,2.99,4.02,34.45,16.39,39.79,142.77,15.88,950,5882.37,0.03,3.04,10033.33,24.38,29.03,83.72,75
1/9/2025 6:00,3/3/2026 10:03,4.9,4.02,-17.96,72.09,39.79,-44.81,0,950,100,0,3.04,100,25.53,29.03,67.06,75
1/9/2025 7:00,3/3/2026 10:03,4.14,4.02,-2.9,43.49,39.79,-8.51,121.76,950,680.22,0.17,3.04,1688.24,26.03,29.03,63.96,75
1/9/2025 8:00,3/3/2026 10:03,3.77,4.02,6.63,32.8,39.79,21.31,241.52,950,293.34,0.41,3.04,641.46,26.21,29.03,69.45,75
1/9/2025 9:00,3/3/2026 10:03,4.57,4.02,-12.04,58.47,39.79,-31.95,337.61,950,181.39,0.59,3.04,415.25,26.1,29.03,66.47,75
1/9/2025 10:00,3/3/2026 10:03,5.28,4.02,-23.86,89.95,39.79,-55.76,372.54,950,155.01,0.51,3.04,496.08,27.13,29.03,56.37,75
1/9/2025 11:00,3/3/2026 10:03,5.29,4.02,-24.01,90.54,39.79,-56.05,542.12,950,75.24,1.02,3.04,198.04,27.94,29.03,55.58,75
1/9/2025 12:00,3/3/2026 10:03,5.65,4.02,-28.85,110.28,39.79,-63.92,663.82,950,43.11,1.85,3.04,64.32,27.81,29.03,60.53,75
1/9/2025 13:00,3/3/2026 10:03,5.97,4.02,-32.66,130.22,39.79,-69.44,648.6,950,46.47,2.34,3.04,29.91,27.23,29.03,58.97,75
1/9/2025 14:00,3/3/2026 10:03,6.19,4.02,-35.06,144.98,39.79,-72.55,422.9,950,124.64,1.24,3.04,145.16,27.54,29.03,61.15,75
1/9/2025 15:00,3/3/2026 10:03,5.15,4.02,-21.94,83.79,39.79,-52.51,406.39,950,133.77,1.64,3.04,85.37,25.17,29.03,69.49,75
1/9/2025 16:00,3/3/2026 10:03,5.16,4.02,-22.09,84.26,39.79,-52.78,285.89,950,232.3,1.02,3.04,198.04,25.13,29.03,63.67,75
1/9/2025 17:00,3/3/2026 10:03,4.15,4.02,-3.13,43.74,39.79,-9.03,220.17,950,331.48,0.81,3.04,275.31,25.66,29.03,63.34,75
1/9/2025 18:00,3/3/2026 10:03,3.43,4.02,17.2,24.7,39.79,61.09,10.9,950,8615.6,0.02,3.04,15100,25.32,29.03,67.11,75
1/9/2025 19:00,3/3/2026 10:03,3.92,4.02,2.55,36.99,39.79,7.57,11.52,950,8146.53,0.02,3.04,15100,26.09,29.03,62.24,75
1/9/2025 20:00,3/3/2026 10:03,4.46,4.02,-9.87,54.2,39.79,-26.59,12.68,950,7392.11,0.02,3.04,15100,25.14,29.03,61.64,75
1/9/2025 21:00,3/3/2026 10:03,3.58,4.02,12.29,28.03,39.79,41.96,18.48,950,5040.69,0.03,3.04,10033.33,25.57,29.03,69.26,75
1/9/2025 22:00,3/3/2026 10:03,5.13,4.02,-21.64,82.56,39.79,-51.8,14.04,950,6666.38,0.03,3.04,10033.33,25.54,29.03,66.71,75
1/9/2025 23:00,3/3/2026 10:03,4.44,4.02,-9.46,53.74,39.79,-25.96,11.28,950,8321.99,0.02,3.04,15100,26.07,29.03,64.23,75
1/10/2025 0:00,3/3/2026 10:03,2.54,4.02,58.27,10.07,39.79,295.13,8.91,950,10562.18,0.02,3.04,15100,25.08,29.03,79.59,75
1/10/2025 1:00,3/3/2026 10:03,2.04,4.02,97.06,5.23,39.79,660.8,3.6,950,26288.89,0.01,3.04,30300,24.64,29.03,83.82,75
1/10/2025 2:00,3/3/2026 10:03,1.73,4.02,132.37,3.15,39.79,1163.17,11.97,950,7836.51,0.02,3.04,15100,24.51,29.03,84.54,75
1/10/2025 3:00,3/3/2026 10:03,2.27,4.02,77.09,7.17,39.79,454.95,3.85,950,24575.32,0.01,3.04,30300,24.89,29.03,80.42,75
1/10/2025 4:00,3/3/2026 10:03,2.44,4.02,64.75,8.9,39.79,347.08,13.1,950,7151.91,0.02,3.04,15100,24.34,29.03,87.79,75
1/10/2025 5:00,3/3/2026 10:03,1.68,4.02,139.29,2.88,39.79,1281.6,4.85,950,19487.63,0.01,3.04,30300,24.94,29.03,86.86,75
1/10/2025 6:00,3/3/2026 10:03,5.26,4.02,-23.57,89.31,39.79,-55.45,0,950,100,0,3.04,100,26.07,29.03,66.79,75
1/10/2025 7:00,3/3/2026 10:03,4.89,4.02,-17.79,71.46,39.79,-44.32,93.48,950,916.26,0.11,3.04,2663.64,26.34,29.03,66.01,75
1/10/2025 8:00,3/3/2026 10:03,3.64,4.02,10.44,29.56,39.79,34.61,230.83,950,311.56,0.36,3.04,744.44,26.09,29.03,67.06,75
1/10/2025 9:00,3/3/2026 10:03,3.48,4.02,15.52,25.75,39.79,54.52,344.45,950,175.8,0.59,3.04,415.25,25.74,29.03,67.9,75
1/10/2025 10:00,3/3/2026 10:03,5.7,4.02,-29.47,113.6,39.79,-64.97,505.95,950,87.77,1.07,3.04,184.11,27.53,29.03,56.32,75
1/10/2025 11:00,3/3/2026 10:03,5.6,4.02,-28.21,107.58,39.79,-63.01,582.97,950,62.96,1.49,3.04,104.03,27.75,29.03,58.14,75
1/10/2025 12:00,3/3/2026 10:03,6.52,4.02,-38.34,169.6,39.79,-76.54,659.53,950,44.04,1.42,3.04,114.08,27.22,29.03,52.36,75
1/10/2025 13:00,3/3/2026 10:03,5.29,4.02,-24.01,90.44,39.79,-56,540.92,950,75.63,1.6,3.04,90,28.08,29.03,53.62,75
1/10/2025 14:00,3/3/2026 10:03,5.89,4.02,-31.75,125.1,39.79,-68.19,463.72,950,104.87,1.21,3.04,151.24,27.76,29.03,56.67,75
1/10/2025 15:00,3/3/2026 10:03,5.28,4.02,-23.86,89.92,39.79,-55.75,412.62,950,130.24,1.53,3.04,98.69,25.59,29.03,64.35,75
1/10/2025 16:00,3/3/2026 10:03,3.95,4.02,1.77,37.89,39.79,5.01,297.76,950,219.05,0.97,3.04,213.4,25.9,29.03,63.03,75
1/10/2025 17:00,3/3/2026 10:03,3.88,4.02,3.61,35.67,39.79,11.55,217.24,950,337.3,0.74,3.04,310.81,25.21,29.03,68.96,75
1/10/2025 18:00,3/3/2026 10:03,3.37,4.02,19.29,23.48,39.79,69.46,9.67,950,9724.2,0.02,3.04,15100,25.21,29.03,65.4,75
1/10/2025 19:00,3/3/2026 10:03,4.87,4.02,-17.45,70.67,39.79,-43.7,16,950,5837.5,0.03,3.04,10033.33,26.06,29.03,66.09,75
1/10/2025 20:00,3/3/2026 10:03,5.23,4.02,-23.14,87.37,39.79,-54.46,15.74,950,5935.58,0.03,3.04,10033.33,25.3,29.03,61.93,75
1/10/2025 21:00,3/3/2026 10:03,4.51,4.02,-10.86,56.27,39.79,-29.29,7.45,950,12651.68,0.01,3.04,30300,25.44,29.03,69.8,75
1/10/2025 22:00,3/3/2026 10:03,4.61,4.02,-12.8,59.83,39.79,-33.49,0.65,950,146053.85,0,3.04,100,25.38,29.03,60.35,75
1/10/2025 23:00,3/3/2026 10:03,4.63,4.02,-13.17,60.65,39.79,-34.39,11.1,950,8458.56,0.02,3.04,15100,25.46,29.03,62.59,75
1/11/2025 0:00,3/3/2026 10:03,1.9,4.02,111.58,4.21,39.79,845.13,0.05,950,1899900,0,3.04,100,24.79,29.03,79.06,75
1/11/2025 1:00,3/3/2026 10:03,3.35,4.02,20,23.1,39.79,72.25,1.43,950,66333.57,0,3.04,100,24.73,29.03,86.66,75
1/11/2025 2:00,3/3/2026 10:03,3.55,4.02,13.24,27.49,39.79,44.74,4.19,950,22573.03,0.01,3.04,30300,24.82,29.03,87.12,75
1/11/2025 3:00,3/3/2026 10:03,3.29,4.02,22.19,21.76,39.79,82.86,9.04,950,10408.85,0.02,3.04,15100,24.86,29.03,81.5,75
1/11/2025 4:00,3/3/2026 10:03,3.51,4.02,14.53,26.41,39.79,50.66,11.3,950,8307.08,0.02,3.04,15100,25.04,29.03,81.57,75
1/11/2025 5:00,3/3/2026 10:03,2.99,4.02,34.45,16.38,39.79,142.92,3.79,950,24965.96,0.01,3.04,30300,24.69,29.03,82.32,75
1/11/2025 6:00,3/3/2026 10:03,4.04,4.02,-0.5,40.35,39.79,-1.39,38.47,950,2369.46,0.06,3.04,4966.67,25.9,29.03,66.66,75
1/11/2025 7:00,3/3/2026 10:03,4.77,4.02,-15.72,66.53,39.79,-40.19,140.24,950,577.41,0.24,3.04,1166.67,25.8,29.03,65.36,75
1/11/2025 8:00,3/3/2026 10:03,4.21,4.02,-4.51,45.71,39.79,-12.95,213.64,950,344.67,0.33,3.04,821.21,25.85,29.03,61.94,75
1/11/2025 9:00,3/3/2026 10:03,3.9,4.02,3.08,36.43,39.79,9.22,322.59,950,194.49,0.45,3.04,575.56,26.45,29.03,64.14,75
1/11/2025 10:00,3/3/2026 10:03,5.6,4.02,-28.21,107.73,39.79,-63.07,433.49,950,119.15,0.73,3.04,316.44,27.71,29.03,55.87,75
1/11/2025 11:00,3/3/2026 10:03,6.54,4.02,-38.53,171.45,39.79,-76.79,511.71,950,85.65,0.96,3.04,216.67,27.4,29.03,53.03,75
1/11/2025 12:00,3/3/2026 10:03,6.11,4.02,-34.21,139.68,39.79,-71.51,612.95,950,54.99,1.37,3.04,121.9,27.29,29.03,55.57,75
1/11/2025 13:00,3/3/2026 10:03,6.21,4.02,-35.27,147.01,39.79,-72.93,485.63,950,95.62,1.14,3.04,166.67,28.03,29.03,54.19,75
1/11/2025 14:00,3/3/2026 10:03,5.06,4.02,-20.55,79.48,39.79,-49.94,459.39,950,106.8,1.18,3.04,157.63,27.25,29.03,52.88,75
1/11/2025 15:00,3/3/2026 10:03,6.36,4.02,-36.79,157.45,39.79,-74.73,411.57,950,130.82,1.67,3.04,82.04,25.29,29.03,63.14,75
1/11/2025 16:00,3/3/2026 10:03,5.11,4.02,-21.33,81.5,39.79,-51.18,335.45,950,183.2,1.39,3.04,118.71,25.5,29.03,64.45,75
1/11/2025 17:00,3/3/2026 10:03,5.05,4.02,-20.4,78.74,39.79,-49.47,219.89,950,332.03,0.78,3.04,289.74,25.38,29.03,64.52,75
1/11/2025 18:00,3/3/2026 10:03,3.92,4.02,2.55,36.94,39.79,7.72,5.2,950,18169.23,0.01,3.04,30300,26.06,29.03,68.46,75
1/11/2025 19:00,3/3/2026 10:03,4.52,4.02,-11.06,56.74,39.79,-29.87,15.61,950,5985.84,0.03,3.04,10033.33,25.21,29.03,69.86,75
1/11/2025 20:00,3/3/2026 10:03,4.45,4.02,-9.66,54.13,39.79,-26.49,11.89,950,7889.91,0.02,3.04,15100,25.97,29.03,61.05,75
1/11/2025 21:00,3/3/2026 10:03,4.86,4.02,-17.28,70.21,39.79,-43.33,11.24,950,8351.96,0.02,3.04,15100,25.27,29.03,66.82,75
1/11/2025 22:00,3/3/2026 10:03,5.25,4.02,-23.43,88.76,39.79,-55.17,6.21,950,15197.91,0.01,3.04,30300,25.3,29.03,64.28,75
1/11/2025 23:00,3/3/2026 10:03,3.56,4.02,12.92,27.66,39.79,43.85,16.2,950,5764.2,0.03,3.04,10033.33,25.39,29.03,61.38,75
1/12/2025 0:00,3/3/2026 10:03,3.32,4.02,21.08,22.38,39.79,77.79,11.71,950,8012.72,0.02,3.04,15100,24.97,29.03,81.96,75
1/12/2025 1:00,3/3/2026 10:03,3.21,4.02,25.23,20.3,39.79,96.01,11.48,950,8175.26,0.02,3.04,15100,24.79,29.03,86.49,75
1/12/2025 2:00,3/3/2026 10:03,3.26,4.02,23.31,21.14,39.79,88.22,10.4,950,9034.62,0.02,3.04,15100,24.61,29.03,86.2,75
1/12/2025 3:00,3/3/2026 10:03,3.38,4.02,18.93,23.63,39.79,68.39,13.22,950,7086.08,0.02,3.04,15100,25.27,29.03,83.94,75
1/12/2025 4:00,3/3/2026 10:03,1.66,4.02,142.17,2.8,39.79,1321.07,11.04,950,8505.07,0.02,3.04,15100,24.59,29.03,87.76,75
1/12/2025 5:00,3/3/2026 10:03,1.7,4.02,136.47,2.99,39.79,1230.77,14.02,950,6676.03,0.02,3.04,15100,24.85,29.03,83.59,75
1/12/2025 6:00,3/3/2026 10:03,5.12,4.02,-21.48,82.36,39.79,-51.69,0,950,100,0,3.04,100,25.84,29.03,61.58,75
1/12/2025 7:00,3/3/2026 10:03,5.05,4.02,-20.4,79.06,39.79,-49.67,59.16,950,1505.81,0.08,3.04,3700,25.73,29.03,68.77,75
1/12/2025 8:00,3/3/2026 10:03,3.62,4.02,11.05,29.09,39.79,36.78,228.77,950,315.26,0.32,3.04,850,25.66,29.03,66.17,75
1/12/2025 9:00,3/3/2026 10:03,3.84,4.02,4.69,34.58,39.79,15.07,349.2,950,172.05,0.61,3.04,398.36,26.34,29.03,63.37,75
1/12/2025 10:00,3/3/2026 10:03,5.64,4.02,-28.72,109.9,39.79,-63.79,442.08,950,114.89,0.71,3.04,328.17,27.35,29.03,57.42,75
1/12/2025 11:00,3/3/2026 10:03,5.44,4.02,-26.1,98.57,39.79,-59.63,556.12,950,70.83,1.04,3.04,192.31,27.83,29.03,56.77,75
1/12/2025 12:00,3/3/2026 10:03,6.16,4.02,-34.74,143.24,39.79,-72.22,526.98,950,80.27,1.11,3.04,173.87,27.86,29.03,53.07,75
1/12/2025 13:00,3/3/2026 10:03,4.99,4.02,-19.44,75.98,39.79,-47.63,554.38,950,71.36,1.64,3.04,85.37,28.04,29.03,57.74,75
1/12/2025 14:00,3/3/2026 10:03,5.73,4.02,-29.84,115.12,39.79,-65.44,488.36,950,94.53,1.83,3.04,66.12,28.1,29.03,52.7,75
1/12/2025 15:00,3/3/2026 10:03,5.75,4.02,-30.09,116.33,39.79,-65.8,467.39,950,103.26,2.07,3.04,46.86,25.9,29.03,62.2,75
1/12/2025 16:00,3/3/2026 10:03,3.43,4.02,17.2,24.76,39.79,60.7,323.92,950,193.28,1.24,3.04,145.16,25.87,29.03,67.29,75
1/12/2025 17:00,3/3/2026 10:03,4.99,4.02,-19.44,76.05,39.79,-47.68,242.57,950,291.64,0.82,3.04,270.73,25.44,29.03,69.14,75
1/12/2025 18:00,3/3/2026 10:03,4,4.02,0.5,39.27,39.79,1.32,15.28,950,6117.28,0.03,3.04,10033.33,25.16,29.03,61.83,75
1/12/2025 19:00,3/3/2026 10:03,4.27,4.02,-5.85,47.85,39.79,-16.84,4.88,950,19367.21,0.01,3.04,30300,25.24,29.03,69.89,75
1/12/2025 20:00,3/3/2026 10:03,3.86,4.02,4.15,35.23,39.79,12.94,16.74,950,5575.03,0.03,3.04,10033.33,26.05,29.03,63.25,75
1/12/2025 21:00,3/3/2026 10:03,3.45,4.02,16.52,25.15,39.79,58.21,7.77,950,12126.51,0.01,3.04,30300,25.12,29.03,60.08,75
1/12/2025 22:00,3/3/2026 10:03,3.84,4.02,4.69,34.75,39.79,14.5,11.07,950,8481.75,0.02,3.04,15100,25.3,29.03,62.9,75
1/12/2025 23:00,3/3/2026 10:03,3.57,4.02,12.61,27.89,39.79,42.67,4.23,950,22358.63,0.01,3.04,30300,26.05,29.03,60.76,75
1/13/2025 0:00,3/3/2026 10:03,3.41,4.02,17.89,24.26,39.79,64.01,13.79,950,6789.05,0.03,3.04,10033.33,24.33,29.03,85.75,75
1/13/2025 1:00,3/3/2026 10:03,2.16,4.02,86.11,6.16,39.79,545.94,10.78,950,8712.62,0.02,3.04,15100,24.8,29.03,79.53,75
1/13/2025 2:00,3/3/2026 10:03,3.52,4.02,14.2,26.77,39.79,48.64,13.14,950,7129.83,0.02,3.04,15100,24.94,29.03,86.98,75
1/13/2025 3:00,3/3/2026 10:03,2.69,4.02,49.44,11.94,39.79,233.25,5.02,950,18824.3,0.01,3.04,30300,24.99,29.03,81.5,75
1/13/2025 4:00,3/3/2026 10:03,2.57,4.02,56.42,10.34,39.79,284.82,7.97,950,11819.7,0.02,3.04,15100,24.54,29.03,85.29,75
1/13/2025 5:00,3/3/2026 10:03,2.55,4.02,57.65,10.21,39.79,289.72,4.92,950,19208.94,0.01,3.04,30300,25.05,29.03,87.91,75
1/13/2025 6:00,3/3/2026 10:03,3.41,4.02,17.89,24.32,39.79,63.61,46.61,950,1938.19,0.07,3.04,4242.86,25.93,29.03,66.52,75
1/13/2025 7:00,3/3/2026 10:03,4.31,4.02,-6.73,49.02,39.79,-18.83,98.38,950,865.64,0.13,3.04,2238.46,26.49,29.03,66.56,75
1/13/2025 8:00,3/3/2026 10:03,5.11,4.02,-21.33,81.8,39.79,-51.36,229.3,950,314.3,0.38,3.04,700,25.65,29.03,68.82,75
1/13/2025 9:00,3/3/2026 10:03,3.66,4.02,9.84,29.93,39.79,32.94,244.03,950,289.3,0.3,3.04,913.33,26.06,29.03,66.1,75
1/13/2025 10:00,3/3/2026 10:03,6.58,4.02,-38.91,174.34,39.79,-77.18,423.01,950,124.58,0.71,3.04,328.17,27.5,29.03,55.13,75
1/13/2025 11:00,3/3/2026 10:03,6.37,4.02,-36.89,157.95,39.79,-74.81,609.3,950,55.92,1.59,3.04,91.19,27.6,29.03,54.67,75
1/13/2025 12:00,3/3/2026 10:03,5.71,4.02,-29.6,114.08,39.79,-65.12,497.02,950,91.14,0.8,3.04,280,27.29,29.03,58.43,75
1/13/2025 13:00,3/3/2026 10:03,6.41,4.02,-37.29,161,39.79,-75.29,550.78,950,72.48,1.4,3.04,117.14,27.47,29.03,56.25,75
1/13/2025 14:00,3/3/2026 10:03,6.7,4.02,-40,184.17,39.79,-78.39,576.89,950,64.68,2.4,3.04,26.67,27.13,29.03,53.53,75
1/13/2025 15:00,3/3/2026 10:03,6.62,4.02,-39.27,177.66,39.79,-77.6,405.98,950,134,1.51,3.04,101.32,25.29,29.03,68.91,75
1/13/2025 16:00,3/3/2026 10:03,4.5,4.02,-10.67,55.74,39.79,-28.61,373.13,950,154.6,1.64,3.04,85.37,25.47,29.03,68.56,75
1/13/2025 17:00,3/3/2026 10:03,5.29,4.02,-24.01,90.6,39.79,-56.08,278.02,950,241.7,1.27,3.04,139.37,26.03,29.03,64.77,75
1/13/2025 18:00,3/3/2026 10:03,4.96,4.02,-18.95,74.76,39.79,-46.78,17.02,950,5481.67,0.03,3.04,10033.33,25.59,29.03,67.44,75
1/13/2025 19:00,3/3/2026 10:03,5.23,4.02,-23.14,87.82,39.79,-54.69,10.02,950,9381.04,0.02,3.04,15100,25.17,29.03,67.18,75
1/13/2025 20:00,3/3/2026 10:03,4.43,4.02,-9.26,53.38,39.79,-25.46,3.81,950,24834.38,0.01,3.04,30300,25.89,29.03,69.77,75
1/13/2025 21:00,3/3/2026 10:03,3.86,4.02,4.15,35.35,39.79,12.56,15.65,950,5970.29,0.03,3.04,10033.33,25.27,29.03,69.93,75
1/13/2025 22:00,3/3/2026 10:03,4.03,4.02,-0.25,40.08,39.79,-0.72,8.57,950,10985.18,0.02,3.04,15100,25.19,29.03,61.1,75
1/13/2025 23:00,3/3/2026 10:03,3.58,4.02,12.29,28.11,39.79,41.55,0.92,950,103160.87,0,3.04,100,25.89,29.03,66.28,75
1/14/2025 0:00,3/3/2026 10:03,2.98,4.02,34.9,16.2,39.79,145.62,6.97,950,13529.84,0.01,3.04,30300,24.86,29.03,78.28,75
1/14/2025 1:00,3/3/2026 10:03,2.52,4.02,59.52,9.76,39.79,307.68,13.49,950,6942.25,0.02,3.04,15100,25.03,29.03,84.76,75
1/14/2025 2:00,3/3/2026 10:03,1.79,4.02,124.58,3.52,39.79,1030.4,2.76,950,34320.29,0.01,3.04,30300,25.07,29.03,78.98,75
1/14/2025 3:00,3/3/2026 10:03,2.53,4.02,58.89,9.87,39.79,303.14,0.54,950,175825.93,0,3.04,100,24.77,29.03,86.9,75
1/14/2025 4:00,3/3/2026 10:03,3.47,4.02,15.85,25.54,39.79,55.79,7.09,950,13299.15,0.01,3.04,30300,24.81,29.03,86.04,75
1/14/2025 5:00,3/3/2026 10:03,3.37,4.02,19.29,23.44,39.79,69.75,11.93,950,7863.12,0.02,3.04,15100,24.57,29.03,85.52,75
1/14/2025 6:00,3/3/2026 10:03,3.7,4.02,8.65,30.96,39.79,28.52,0.13,950,730669.23,0,3.04,100,25.58,29.03,60.38,75
1/14/2025 7:00,3/3/2026 10:03,3.62,4.02,11.05,29,39.79,37.21,64.24,950,1378.83,0.08,3.04,3700,26.07,29.03,61.8,75
1/14/2025 8:00,3/3/2026 10:03,5.29,4.02,-24.01,90.46,39.79,-56.01,175.79,950,440.42,0.23,3.04,1221.74,25.99,29.03,67.28,75
1/14/2025 9:00,3/3/2026 10:03,3.85,4.02,4.42,34.9,39.79,14.01,292.17,950,225.15,0.44,3.04,590.91,26.47,29.03,66.81,75
1/14/2025 10:00,3/3/2026 10:03,6.13,4.02,-34.42,140.85,39.79,-71.75,376.04,950,152.63,0.53,3.04,473.58,27.63,29.03,61.1,75
1/14/2025 11:00,3/3/2026 10:03,5.29,4.02,-24.01,90.54,39.79,-56.05,616.39,950,54.12,1.12,3.04,171.43,27.87,29.03,57.01,75
1/14/2025 12:00,3/3/2026 10:03,5.1,4.02,-21.18,81.15,39.79,-50.97,559.26,950,69.87,1.1,3.04,176.36,27.12,29.03,56.46,75
1/14/2025 13:00,3/3/2026 10:03,5.44,4.02,-26.1,98.43,39.79,-59.58,671.06,950,41.57,2.61,3.04,16.48,27.37,29.03,54.76,75
1/14/2025 14:00,3/3/2026 10:03,5.36,4.02,-25,94.44,39.79,-57.87,518.94,950,83.07,1.84,3.04,65.22,27.33,29.03,57.97,75
1/14/2025 15:00,3/3/2026 10:03,5.24,4.02,-23.28,88.24,39.79,-54.91,367.86,950,158.25,1.19,3.04,155.46,25.5,29.03,60.81,75
1/14/2025 16:00,3/3/2026 10:03,4.53,4.02,-11.26,56.88,39.79,-30.05,382.31,950,148.49,1.8,3.04,68.89,25.95,29.03,62.98,75
1/14/2025 17:00,3/3/2026 10:03,5.15,4.02,-21.94,83.83,39.79,-52.53,204.71,950,364.07,0.7,3.04,334.29,25.18,29.03,68.83,75
1/14/2025 18:00,3/3/2026 10:03,4.78,4.02,-15.9,66.93,39.79,-40.55,17.38,950,5366.05,0.03,3.04,10033.33,25.68,29.03,67,75
1/14/2025 19:00,3/3/2026 10:03,4.13,4.02,-2.66,43,39.79,-7.47,15.62,950,5981.95,0.03,3.04,10033.33,25.15,29.03,60.33,75
1/14/2025 20:00,3/3/2026 10:03,3.77,4.02,6.63,32.9,39.79,20.94,11.56,950,8117.99,0.02,3.04,15100,25.47,29.03,69.9,75
1/14/2025 21:00,3/3/2026 10:03,4.01,4.02,0.25,39.64,39.79,0.38,3.68,950,25715.22,0.01,3.04,30300,25.26,29.03,68.92,75
1/14/2025 22:00,3/3/2026 10:03,4.76,4.02,-15.55,65.91,39.79,-39.63,3.08,950,30744.16,0.01,3.04,30300,25.8,29.03,60.62,75
1/14/2025 23:00,3/3/2026 10:03,3.53,4.02,13.88,26.88,39.79,48.03,3.53,950,26812.18,0.01,3.04,30300,25.19,29.03,67.43,75
1/15/2025 0:00,3/3/2026 10:03,2.73,4.02,47.25,12.44,39.79,219.86,16.56,950,5636.71,0.03,3.04,10033.33,24.58,29.03,87.25,75
1/15/2025 1:00,3/3/2026 10:03,1.71,4.02,135.09,3.04,39.79,1208.88,6.84,950,13788.89,0.01,3.04,30300,24.99,29.03,84.36,75
1/15/2025 2:00,3/3/2026 10:03,1.96,4.02,105.1,4.59,39.79,766.88,4.77,950,19816.14,0.01,3.04,30300,25.09,29.03,82.07,75
1/15/2025 3:00,3/3/2026 10:03,3.15,4.02,27.62,19.15,39.79,107.78,15.39,950,6072.84,0.03,3.04,10033.33,24.56,29.03,80.09,75
1/15/2025 4:00,3/3/2026 10:03,2.54,4.02,58.27,10.06,39.79,295.53,6.02,950,15680.73,0.01,3.04,30300,24.93,29.03,87.56,75
1/15/2025 5:00,3/3/2026 10:03,2.64,4.02,52.27,11.31,39.79,251.81,11.76,950,7978.23,0.02,3.04,15100,25.18,29.03,79.06,75
1/15/2025 6:00,3/3/2026 10:03,4.09,4.02,-1.71,41.89,39.79,-5.01,0,950,100,0,3.04,100,25.55,29.03,66.28,75
1/15/2025 7:00,3/3/2026 10:03,4.87,4.02,-17.45,70.88,39.79,-43.86,153.57,950,518.61,0.27,3.04,1025.93,25.76,29.03,62.75,75
1/15/2025 8:00,3/3/2026 10:03,3.93,4.02,2.29,37.1,39.79,7.25,181.72,950,422.78,0.24,3.04,1166.67,26.35,29.03,60.67,75
1/15/2025 9:00,3/3/2026 10:03,4.97,4.02,-19.11,75.06,39.79,-46.99,279.4,950,240.01,0.42,3.04,623.81,25.54,29.03,69.91,75
1/15/2025 10:00,3/3/2026 10:03,5.63,4.02,-28.6,109.25,39.79,-63.58,491.79,950,93.17,1.17,3.04,159.83,27.58,29.03,55.63,75
1/15/2025 11:00,3/3/2026 10:03,5.78,4.02,-30.45,118.04,39.79,-66.29,436.86,950,117.46,0.61,3.04,398.36,27.86,29.03,58.77,75
1/15/2025 12:00,3/3/2026 10:03,6.78,4.02,-40.71,190.73,39.79,-79.14,504.86,950,88.17,0.96,3.04,216.67,27.57,29.03,59.1,75
1/15/2025 13:00,3/3/2026 10:03,5.69,4.02,-29.35,113.07,39.79,-64.81,577.42,950,64.52,1.63,3.04,86.5,27.2,29.03,54.72,75
1/15/2025 14:00,3/3/2026 10:03,5.9,4.02,-31.86,125.84,39.79,-68.38,526.9,950,80.3,2.07,3.04,46.86,28.08,29.03,58.16,75
1/15/2025 15:00,3/3/2026 10:03,6.44,4.02,-37.58,163.89,39.79,-75.72,428.35,950,121.78,1.87,3.04,62.57,25.38,29.03,63.64,75
1/15/2025 16:00,3/3/2026 10:03,3.56,4.02,12.92,27.53,39.79,44.53,371.24,950,155.9,1.8,3.04,68.89,26.08,29.03,65.78,75
1/15/2025 17:00,3/3/2026 10:03,5.02,4.02,-19.92,77.48,39.79,-48.64,273.4,950,247.48,1.26,3.04,141.27,25.57,29.03,65.71,75
1/15/2025 18:00,3/3/2026 10:03,5.01,4.02,-19.76,77.02,39.79,-48.34,1.29,950,73543.41,0,3.04,100,25.7,29.03,64.93,75
1/15/2025 19:00,3/3/2026 10:03,3.7,4.02,8.65,31.09,39.79,27.98,13.08,950,7163,0.02,3.04,15100,25.63,29.03,67.32,75
1/15/2025 20:00,3/3/2026 10:03,5.26,4.02,-23.57,89.1,39.79,-55.34,12.68,950,7392.11,0.02,3.04,15100,25.87,29.03,60.94,75
1/15/2025 21:00,3/3/2026 10:03,4.95,4.02,-18.79,74.38,39.79,-46.5,14.89,950,6280.12,0.03,3.04,10033.33,25.72,29.03,66.63,75
1/15/2025 22:00,3/3/2026 10:03,4.93,4.02,-18.46,73.22,39.79,-45.66,17.84,950,5225.11,0.03,3.04,10033.33,25.69,29.03,66.31,75
1/15/2025 23:00,3/3/2026 10:03,4.57,4.02,-12.04,58.52,39.79,-32.01,10.2,950,9213.73,0.02,3.04,15100,25.32,29.03,63.39,75
1/16/2025 0:00,3/3/2026 10:03,1.81,4.02,122.1,3.61,39.79,1002.22,0.47,950,202027.66,0,3.04,100,24.49,29.03,80.06,75
1/16/2025 1:00,3/3/2026 10:03,2.64,4.02,52.27,11.28,39.79,252.75,13.59,950,6890.43,0.03,3.04,10033.33,24.86,29.03,81.27,75
1/16/2025 2:00,3/3/2026 10:03,3.17,4.02,26.81,19.49,39.79,104.16,18.48,950,5040.69,0.03,3.04,10033.33,24.77,29.03,86.71,75
1/16/2025 3:00,3/3/2026 10:03,3.37,4.02,19.29,23.39,39.79,70.12,10.82,950,8680.04,0.02,3.04,15100,24.75,29.03,87.24,75
1/16/2025 4:00,3/3/2026 10:03,1.93,4.02,108.29,4.38,39.79,808.45,17.12,950,5449.07,0.03,3.04,10033.33,24.49,29.03,86.99,75
1/16/2025 5:00,3/3/2026 10:03,3.15,4.02,27.62,19.16,39.79,107.67,3.78,950,25032.28,0.01,3.04,30300,24.48,29.03,81.32,75
1/16/2025 6:00,3/3/2026 10:03,3.7,4.02,8.65,31.02,39.79,28.27,8.56,950,10998.13,0.01,3.04,30300,25.66,29.03,64.36,75
1/16/2025 7:00,3/3/2026 10:03,4.04,4.02,-0.5,40.28,39.79,-1.22,114.87,950,727.02,0.19,3.04,1500,26.03,29.03,65.06,75
1/16/2025 8:00,3/3/2026 10:03,4.95,4.02,-18.79,74.4,39.79,-46.52,217.76,950,336.26,0.32,3.04,850,25.81,29.03,69.95,75
1/16/2025 9:00,3/3/2026 10:03,3.43,4.02,17.2,24.73,39.79,60.9,315.99,950,200.64,0.48,3.04,533.33,25.72,29.03,66.01,75
1/16/2025 10:00,3/3/2026 10:03,5.41,4.02,-25.69,97.18,39.79,-59.06,473.99,950,100.43,0.82,3.04,270.73,27.24,29.03,57.38,75
1/16/2025 11:00,3/3/2026 10:03,5.21,4.02,-22.84,86.82,39.79,-54.17,546.58,950,73.81,1.24,3.04,145.16,27.48,29.03,61.57,75
1/16/2025 12:00,3/3/2026 10:03,6.49,4.02,-38.06,167.48,39.79,-76.24,720.28,950,31.89,1.7,3.04,78.82,27.56,29.03,53.23,75
1/16/2025 13:00,3/3/2026 10:03,5.42,4.02,-25.83,97.58,39.79,-59.22,493.36,950,92.56,1.29,3.04,135.66,27.19,29.03,56.53,75
1/16/2025 14:00,3/3/2026 10:03,6.79,4.02,-40.8,191.52,39.79,-79.22,475.32,950,99.87,1.65,3.04,84.24,28.09,29.03,55.73,75
1/16/2025 15:00,3/3/2026 10:03,5.74,4.02,-29.97,116.01,39.79,-65.7,436.89,950,117.45,1.65,3.04,84.24,25.93,29.03,62.57,75
1/16/2025 16:00,3/3/2026 10:03,4.23,4.02,-4.96,46.49,39.79,-14.41,380.14,950,149.91,1.86,3.04,63.44,26.05,29.03,61.62,75
1/16/2025 17:00,3/3/2026 10:03,4.77,4.02,-15.72,66.6,39.79,-40.26,272.3,950,248.88,1.3,3.04,133.85,25.32,29.03,61.86,75
1/16/2025 18:00,3/3/2026 10:03,4.04,4.02,-0.5,40.42,39.79,-1.56,7.7,950,12237.66,0.02,3.04,15100,25.73,29.03,63.99,75
1/16/2025 19:00,3/3/2026 10:03,4.31,4.02,-6.73,49.13,39.79,-19.01,5.85,950,16139.32,0.01,3.04,30300,25.47,29.03,66.88,75
1/16/2025 20:00,3/3/2026 10:03,4.83,4.02,-16.77,68.85,39.79,-42.21,10.33,950,9096.52,0.02,3.04,15100,26.05,29.03,68.84,75
1/16/2025 21:00,3/3/2026 10:03,5.21,4.02,-22.84,86.52,39.79,-54.01,13.62,950,6875.04,0.02,3.04,15100,25.17,29.03,64.21,75
1/16/2025 22:00,3/3/2026 10:03,5.28,4.02,-23.86,90.03,39.79,-55.8,16.27,950,5738.97,0.03,3.04,10033.33,25.62,29.03,63.71,75
1/16/2025 23:00,3/3/2026 10:03,3.33,4.02,20.72,22.63,39.79,75.83,1.93,950,49122.8,0,3.04,100,25.68,29.03,60.57,75
1/17/2025 0:00,3/3/2026 10:03,2.08,4.02,93.27,5.5,39.79,623.45,3.12,950,30348.72,0.01,3.04,30300,24.83,29.03,86.56,75
1/17/2025 1:00,3/3/2026 10:03,1.68,4.02,139.29,2.91,39.79,1267.35,4.92,950,19208.94,0.01,3.04,30300,24.36,29.03,80.23,75
1/17/2025 2:00,3/3/2026 10:03,1.74,4.02,131.03,3.22,39.79,1135.71,11.81,950,7944.03,0.02,3.04,15100,24.74,29.03,83.85,75
1/17/2025 3:00,3/3/2026 10:03,2.83,4.02,42.05,13.91,39.79,186.05,9.18,950,10248.58,0.02,3.04,15100,24.38,29.03,87.62,75
1/17/2025 4:00,3/3/2026 10:03,1.66,4.02,142.17,2.79,39.79,1326.16,10.71,950,8770.21,0.02,3.04,15100,24.53,29.03,86.46,75
1/17/2025 5:00,3/3/2026 10:03,2.74,4.02,46.72,12.55,39.79,217.05,0.79,950,120153.16,0,3.04,100,25.25,29.03,84.1,75
1/17/2025 6:00,3/3/2026 10:03,4.38,4.02,-8.22,51.3,39.79,-22.44,0,950,100,0,3.04,100,26.12,29.03,66.97,75
1/17/2025 7:00,3/3/2026 10:03,3.86,4.02,4.15,35.18,39.79,13.1,107.94,950,780.12,0.15,3.04,1926.67,25.72,29.03,62.13,75
1/17/2025 8:00,3/3/2026 10:03,4.64,4.02,-13.36,61.27,39.79,-35.06,221.49,950,328.91,0.35,3.04,768.57,26.08,29.03,63.62,75
1/17/2025 9:00,3/3/2026 10:03,5.12,4.02,-21.48,82.17,39.79,-51.58,351.16,950,170.53,0.62,3.04,390.32,26.37,29.03,66.17,75
1/17/2025 10:00,3/3/2026 10:03,6.14,4.02,-34.53,141.88,39.79,-71.96,348.83,950,172.34,0.49,3.04,520.41,27.71,29.03,56.14,75
1/17/2025 11:00,3/3/2026 10:03,6.35,4.02,-36.69,157.01,39.79,-74.66,589.44,950,61.17,1.15,3.04,164.35,27.21,29.03,61.06,75
1/17/2025 12:00,3/3/2026 10:03,6.43,4.02,-37.48,162.63,39.79,-75.53,532.55,950,78.39,0.95,3.04,220,28.03,29.03,54.48,75
1/17/2025 13:00,3/3/2026 10:03,6.72,4.02,-40.18,185.7,39.79,-78.57,545.02,950,74.31,1.39,3.04,118.71,27.67,29.03,58.5,75
1/17/2025 14:00,3/3/2026 10:03,6.13,4.02,-34.42,141.1,39.79,-71.8,470.79,950,101.79,1.63,3.04,86.5,27.24,29.03,60.06,75
1/17/2025 15:00,3/3/2026 10:03,5.56,4.02,-27.7,105.43,39.79,-62.26,356.49,950,166.49,0.97,3.04,213.4,25.37,29.03,61.16,75
1/17/2025 16:00,3/3/2026 10:03,3.97,4.02,1.26,38.24,39.79,4.05,364.24,950,160.82,1.54,3.04,97.4,25.75,29.03,69.17,75
1/17/2025 17:00,3/3/2026 10:03,3.34,4.02,20.36,22.85,39.79,74.14,195.42,950,386.13,0.67,3.04,353.73,25.35,29.03,69.09,75
1/17/2025 18:00,3/3/2026 10:03,3.75,4.02,7.2,32.35,39.79,23,16.4,950,5692.68,0.03,3.04,10033.33,25.86,29.03,61.65,75
1/17/2025 19:00,3/3/2026 10:03,5.2,4.02,-22.69,86.21,39.79,-53.85,14.21,950,6585.43,0.03,3.04,10033.33,25.79,29.03,65.32,75
1/17/2025 20:00,3/3/2026 10:03,4.15,4.02,-3.13,43.69,39.79,-8.93,11.89,950,7889.91,0.02,3.04,15100,25.55,29.03,67.68,75
1/17/2025 21:00,3/3/2026 10:03,3.78,4.02,6.35,33.1,39.79,20.21,9.79,950,9603.78,0.02,3.04,15100,25.8,29.03,65.8,75
1/17/2025 22:00,3/3/2026 10:03,3.89,4.02,3.34,36.13,39.79,10.13,2.22,950,42692.79,0,3.04,100,25.63,29.03,65.42,75
1/17/2025 23:00,3/3/2026 10:03,4.14,4.02,-2.9,43.47,39.79,-8.47,14.45,950,6474.39,0.03,3.04,10033.33,25.93,29.03,63.1,75
1/18/2025 0:00,3/3/2026 10:03,2.25,4.02,78.67,6.97,39.79,470.88,10.99,950,8544.22,0.02,3.04,15100,24.39,29.03,83.4,75
1/18/2025 1:00,3/3/2026 10:03,3.17,4.02,26.81,19.43,39.79,104.79,12.18,950,7699.67,0.02,3.04,15100,25.02,29.03,87.49,75
1/18/2025 2:00,3/3/2026 10:03,1.68,4.02,139.29,2.9,39.79,1272.07,10.26,950,9159.26,0.02,3.04,15100,24.83,29.03,87.78,75
1/18/2025 3:00,3/3/2026 10:03,2.56,4.02,57.03,10.27,39.79,287.44,18.77,950,4961.27,0.03,3.04,10033.33,25.21,29.03,87.27,75
1/18/2025 4:00,3/3/2026 10:03,3.31,4.02,21.45,22.19,39.79,79.32,16.82,950,5548.04,0.03,3.04,10033.33,24.37,29.03,81.99,75
1/18/2025 5:00,3/3/2026 10:03,2.36,4.02,70.34,8.04,39.79,394.9,10.2,950,9213.73,0.02,3.04,15100,24.94,29.03,87.6,75
1/18/2025 6:00,3/3/2026 10:03,4.33,4.02,-7.16,49.79,39.79,-20.08,37.11,950,2459.96,0.07,3.04,4242.86,26.25,29.03,64.1,75
1/18/2025 7:00,3/3/2026 10:03,5.3,4.02,-24.15,91.14,39.79,-56.34,144,950,559.72,0.25,3.04,1116,26.27,29.03,62.01,75
1/18/2025 8:00,3/3/2026 10:03,4.51,4.02,-10.86,56.17,39.79,-29.16,224.56,950,323.05,0.31,3.04,880.65,26.18,29.03,64.64,75
1/18/2025 9:00,3/3/2026 10:03,4.61,4.02,-12.8,60.15,39.79,-33.85,244.31,950,288.85,0.31,3.04,880.65,26.34,29.03,64.62,75
1/18/2025 10:00,3/3/2026 10:03,6.5,4.02,-38.15,168.57,39.79,-76.4,463.22,950,105.09,0.87,3.04,249.43,27.28,29.03,56.14,75
1/18/2025 11:00,3/3/2026 10:03,5.7,4.02,-29.47,113.44,39.79,-64.92,462.2,950,105.54,0.8,3.04,280,27.15,29.03,55.87,75
1/18/2025 12:00,3/3/2026 10:03,6.79,4.02,-40.8,191.96,39.79,-79.27,650.54,950,46.03,1.69,3.04,79.88,27.45,29.03,57.98,75
1/18/2025 13:00,3/3/2026 10:03,5.79,4.02,-30.57,118.83,39.79,-66.52,586.05,950,62.1,1.62,3.04,87.65,27.39,29.03,52.56,75
1/18/2025 14:00,3/3/2026 10:03,6.75,4.02,-40.44,187.97,39.79,-78.83,530.15,950,79.19,1.99,3.04,52.76,27.31,29.03,61.24,75
1/18/2025 15:00,3/3/2026 10:03,5.94,4.02,-32.32,128.59,39.79,-69.06,414.05,950,129.44,1.4,3.04,117.14,25.92,29.03,64.42,75
1/18/2025 16:00,3/3/2026 10:03,3.73,4.02,7.77,31.75,39.79,25.32,349.68,950,171.68,1.41,3.04,115.6,25.44,29.03,63.81,75
1/18/2025 17:00,3/3/2026 10:03,4.99,4.02,-19.44,76.22,39.79,-47.8,247.77,950,283.42,1.12,3.04,171.43,25.11,29.03,68.01,75
1/18/2025 18:00,3/3/2026 10:03,3.9,4.02,3.08,36.39,39.79,9.34,2.92,950,32434.25,0.01,3.04,30300,25.92,29.03,66.48,75
1/18/2025 19:00,3/3/2026 10:03,4.75,4.02,-15.37,65.8,39.79,-39.53,13.38,950,7000.15,0.03,3.04,10033.33,25.33,29.03,68.63,75
1/18/2025 20:00,3/3/2026 10:03,5.25,4.02,-23.43,88.65,39.79,-55.12,5.12,950,18454.69,0.01,3.04,30300,25.8,29.03,65.77,75
1/18/2025 21:00,3/3/2026 10:03,3.62,4.02,11.05,29.17,39.79,36.41,19.46,950,4781.81,0.03,3.04,10033.33,25.52,29.03,67.07,75
1/18/2025 22:00,3/3/2026 10:03,5.25,4.02,-23.43,88.57,39.79,-55.08,18.56,950,5018.53,0.03,3.04,10033.33,25.88,29.03,63.59,75
1/18/2025 23:00,3/3/2026 10:03,3.93,4.02,2.29,37.16,39.79,7.08,16.19,950,5767.82,0.03,3.04,10033.33,25.1,29.03,65.09,75
1/19/2025 0:00,3/3/2026 10:03,2.06,4.02,95.15,5.36,39.79,642.35,11.08,950,8474.01,0.02,3.04,15100,24.76,29.03,85.95,75
1/19/2025 1:00,3/3/2026 10:03,2,4.02,101,4.88,39.79,715.37,7.46,950,12634.58,0.01,3.04,30300,25.28,29.03,83.22,75
1/19/2025 2:00,3/3/2026 10:03,1.84,4.02,118.48,3.85,39.79,933.51,17.82,950,5231.09,0.03,3.04,10033.33,24.69,29.03,78.72,75
1/19/2025 3:00,3/3/2026 10:03,3.09,4.02,30.1,18.07,39.79,120.2,11.7,950,8019.66,0.02,3.04,15100,24.77,29.03,84.74,75
1/19/2025 4:00,3/3/2026 10:03,2.14,4.02,87.85,6.02,39.79,560.96,13.36,950,7010.78,0.02,3.04,15100,24.91,29.03,81.46,75
1/19/2025 5:00,3/3/2026 10:03,1.95,4.02,106.15,4.55,39.79,774.51,15.39,950,6072.84,0.03,3.04,10033.33,25.06,29.03,83.53,75
1/19/2025 6:00,3/3/2026 10:03,3.59,4.02,11.98,28.38,39.79,40.2,0,950,100,0,3.04,100,26.13,29.03,68.65,75
1/19/2025 7:00,3/3/2026 10:03,5,4.02,-19.6,76.42,39.79,-47.93,90.93,950,944.76,0.13,3.04,2238.46,25.68,29.03,62.65,75
1/19/2025 8:00,3/3/2026 10:03,3.34,4.02,20.36,22.78,39.79,74.67,236.18,950,302.24,0.38,3.04,700,26.12,29.03,64.16,75
1/19/2025 9:00,3/3/2026 10:03,3.67,4.02,9.54,30.3,39.79,31.32,265.52,950,257.79,0.33,3.04,821.21,26.04,29.03,61.14,75
1/19/2025 10:00,3/3/2026 10:03,6.65,4.02,-39.55,179.85,39.79,-77.88,523.92,950,81.33,0.96,3.04,216.67,27.27,29.03,54.87,75
1/19/2025 11:00,3/3/2026 10:03,5.55,4.02,-27.57,104.84,39.79,-62.05,468.62,950,102.72,0.66,3.04,360.61,27.45,29.03,52.53,75
1/19/2025 12:00,3/3/2026 10:03,5.38,4.02,-25.28,95.45,39.79,-58.31,598.63,950,58.7,1.24,3.04,145.16,27.29,29.03,53.97,75
1/19/2025 13:00,3/3/2026 10:03,5.75,4.02,-30.09,116.42,39.79,-65.82,452.52,950,109.94,0.96,3.04,216.67,27.66,29.03,61.53,75
1/19/2025 14:00,3/3/2026 10:03,6.65,4.02,-39.55,180.33,39.79,-77.93,502.88,950,88.91,1.93,3.04,57.51,27.27,29.03,59.71,75
1/19/2025 15:00,3/3/2026 10:03,6.33,4.02,-36.49,155.19,39.79,-74.36,438.24,950,116.78,1.58,3.04,92.41,25.79,29.03,68.57,75
1/19/2025 16:00,3/3/2026 10:03,4.53,4.02,-11.26,56.79,39.79,-29.93,326.02,950,191.39,1.15,3.04,164.35,26.07,29.03,60.32,75
1/19/2025 17:00,3/3/2026 10:03,4.96,4.02,-18.95,74.52,39.79,-46.6,212.86,950,346.3,0.83,3.04,266.27,25.77,29.03,66.26,75
1/19/2025 18:00,3/3/2026 10:03,4.57,4.02,-12.04,58.34,39.79,-31.8,8.05,950,11701.24,0.01,3.04,30300,25.66,29.03,65.77,75
1/19/2025 19:00,3/3/2026 10:03,5.16,4.02,-22.09,84.2,39.79,-52.74,0.79,950,120153.16,0,3.04,100,25.57,29.03,60.65,75
1/19/2025 20:00,3/3/2026 10:03,3.74,4.02,7.49,32.05,39.79,24.15,12.35,950,7592.31,0.02,3.04,15100,25.72,29.03,60.28,75
1/19/2025 21:00,3/3/2026 10:03,5,4.02,-19.6,76.56,39.79,-48.03,7.72,950,12205.7,0.01,3.04,30300,25.94,29.03,61.37,75
1/19/2025 22:00,3/3/2026 10:03,4.2,4.02,-4.29,45.34,39.79,-12.24,6.95,950,13569.06,0.01,3.04,30300,25.16,29.03,69.33,75
1/19/2025 23:00,3/3/2026 10:03,3.94,4.02,2.03,37.51,39.79,6.08,2.44,950,38834.43,0,3.04,100,25.53,29.03,65.11,75
1/20/2025 0:00,3/3/2026 10:03,1.68,4.02,139.29,2.93,39.79,1258.02,10.04,950,9362.15,0.02,3.04,15100,24.55,29.03,81.9,75
1/20/2025 1:00,3/3/2026 10:03,2.79,4.02,44.09,13.35,39.79,198.05,10.4,950,9034.62,0.02,3.04,15100,24.82,29.03,85.84,75
1/20/2025 2:00,3/3/2026 10:03,2.95,4.02,36.27,15.73,39.79,152.96,9.04,950,10408.85,0.02,3.04,15100,24.71,29.03,84.99,75
1/20/2025 3:00,3/3/2026 10:03,2.22,4.02,81.08,6.7,39.79,493.88,1.03,950,92133.01,0,3.04,100,25.07,29.03,80.08,75
1/20/2025 4:00,3/3/2026 10:03,2.22,4.02,81.08,6.68,39.79,495.66,19.76,950,4707.69,0.03,3.04,10033.33,25.21,29.03,82.91,75
1/20/2025 5:00,3/3/2026 10:03,3.48,4.02,15.52,25.8,39.79,54.22,15.92,950,5867.34,0.03,3.04,10033.33,24.74,29.03,84.49,75
1/20/2025 6:00,3/3/2026 10:03,3.97,4.02,1.26,38.26,39.79,4,0,950,100,0,3.04,100,26.38,29.03,63.66,75
1/20/2025 7:00,3/3/2026 10:03,4.05,4.02,-0.74,40.58,39.79,-1.95,122.83,950,673.43,0.18,3.04,1588.89,25.68,29.03,67.5,75
1/20/2025 8:00,3/3/2026 10:03,3.85,4.02,4.42,35.04,39.79,13.56,184.72,950,414.29,0.26,3.04,1069.23,26.22,29.03,69.59,75
1/20/2025 9:00,3/3/2026 10:03,3.85,4.02,4.42,34.93,39.79,13.91,393.63,950,141.34,0.7,3.04,334.29,25.96,29.03,60.25,75
1/20/2025 10:00,3/3/2026 10:03,5.76,4.02,-30.21,117.01,39.79,-65.99,509.72,950,86.38,1.14,3.04,166.67,27.68,29.03,59.96,75
1/20/2025 11:00,3/3/2026 10:03,5.32,4.02,-24.44,92.47,39.79,-56.97,531.01,950,78.9,1.22,3.04,149.18,27.77,29.03,57.7,75
1/20/2025 12:00,3/3/2026 10:03,6.37,4.02,-36.89,158.6,39.79,-74.91,628.59,950,51.13,1.33,3.04,128.57,27.23,29.03,59.09,75
1/20/2025 13:00,3/3/2026 10:03,6.41,4.02,-37.29,161.32,39.79,-75.33,606.67,950,56.59,1.83,3.04,66.12,27.93,29.03,61.19,75
1/20/2025 14:00,3/3/2026 10:03,6.4,4.02,-37.19,160.37,39.79,-75.19,442.79,950,114.55,1.15,3.04,164.35,27.2,29.03,57.54,75
1/20/2025 15:00,3/3/2026 10:03,5.32,4.02,-24.44,92.26,39.79,-56.87,359.24,950,164.45,1.24,3.04,145.16,25.96,29.03,66.93,75
1/20/2025 16:00,3/3/2026 10:03,4.52,4.02,-11.06,56.52,39.79,-29.6,338.05,950,181.02,1.31,3.04,132.06,25.38,29.03,66.23,75
1/20/2025 17:00,3/3/2026 10:03,4.7,4.02,-14.47,63.72,39.79,-37.55,254.96,950,272.61,0.92,3.04,230.43,26.03,29.03,67.05,75
1/20/2025 18:00,3/3/2026 10:03,4.08,4.02,-1.47,41.53,39.79,-4.19,17.13,950,5445.83,0.03,3.04,10033.33,25.48,29.03,62.87,75
1/20/2025 19:00,3/3/2026 10:03,3.46,4.02,16.18,25.4,39.79,56.65,17.9,950,5207.26,0.03,3.04,10033.33,25.99,29.03,60.31,75
1/20/2025 20:00,3/3/2026 10:03,3.82,4.02,5.24,34.28,39.79,16.07,10.97,950,8559.98,0.02,3.04,15100,25.27,29.03,65.61,75
1/20/2025 21:00,3/3/2026 10:03,4.22,4.02,-4.74,46.18,39.79,-13.84,5.87,950,16083.99,0.01,3.04,30300,25.91,29.03,66.69,75
1/20/2025 22:00,3/3/2026 10:03,4.77,4.02,-15.72,66.38,39.79,-40.06,13.62,950,6875.04,0.02,3.04,15100,25.6,29.03,66.97,75
1/20/2025 23:00,3/3/2026 10:03,4.34,4.02,-7.37,50.2,39.79,-20.74,0.92,950,103160.87,0,3.04,100,25.16,29.03,63.02,75
1/21/2025 0:00,3/3/2026 10:03,1.68,4.02,139.29,2.88,39.79,1281.6,10.34,950,9087.62,0.02,3.04,15100,24.93,29.03,85.64,75
1/21/2025 1:00,3/3/2026 10:03,2.7,4.02,48.89,12,39.79,231.58,7.08,950,13318.08,0.01,3.04,30300,24.79,29.03,80.18,75
1/21/2025 2:00,3/3/2026 10:03,2.56,4.02,57.03,10.24,39.79,288.57,19.13,950,4866.02,0.04,3.04,7500,24.63,29.03,82.34,75
1/21/2025 3:00,3/3/2026 10:03,3.13,4.02,28.43,18.77,39.79,111.99,5.46,950,17299.27,0.01,3.04,30300,24.94,29.03,86.04,75
1/21/2025 4:00,3/3/2026 10:03,2.72,4.02,47.79,12.36,39.79,221.93,4.39,950,21540.09,0.01,3.04,30300,24.62,29.03,84.1,75
1/21/2025 5:00,3/3/2026 10:03,3.57,4.02,12.61,27.98,39.79,42.21,12.79,950,7327.68,0.02,3.04,15100,24.8,29.03,84.09,75
1/21/2025 6:00,3/3/2026 10:03,4.77,4.02,-15.72,66.28,39.79,-39.97,28.12,950,3278.38,0.04,3.04,7500,25.51,29.03,61.18,75
1/21/2025 7:00,3/3/2026 10:03,4.52,4.02,-11.06,56.44,39.79,-29.5,99.41,950,855.64,0.12,3.04,2433.33,25.88,29.03,61.95,75
1/21/2025 8:00,3/3/2026 10:03,4.97,4.02,-19.11,75.23,39.79,-47.11,251.11,950,278.32,0.43,3.04,606.98,26.36,29.03,62.33,75
1/21/2025 9:00,3/3/2026 10:03,4.93,4.02,-18.46,73.51,39.79,-45.87,263.09,950,261.09,0.33,3.04,821.21,26.24,29.03,64.5,75
1/21/2025 10:00,3/3/2026 10:03,6.5,4.02,-38.15,168.15,39.79,-76.34,466.4,950,103.69,0.85,3.04,257.65,27.21,29.03,57.28,75
1/21/2025 11:00,3/3/2026 10:03,5.84,4.02,-31.16,122.24,39.79,-67.45,535.73,950,77.33,1.26,3.04,141.27,27.23,29.03,61.73,75
1/21/2025 12:00,3/3/2026 10:03,5.6,4.02,-28.21,107.39,39.79,-62.95,592.47,950,60.35,1.38,3.04,120.29,27.59,29.03,60.51,75
1/21/2025 13:00,3/3/2026 10:03,5.29,4.02,-24.01,90.76,39.79,-56.16,481.85,950,97.16,1.08,3.04,181.48,27.61,29.03,57.23,75
1/21/2025 14:00,3/3/2026 10:03,5.89,4.02,-31.75,125.47,39.79,-68.29,424.62,950,123.73,1.18,3.04,157.63,27.58,29.03,58.98,75
1/21/2025 15:00,3/3/2026 10:03,6.77,4.02,-40.62,190.06,39.79,-79.06,427.58,950,122.18,1.75,3.04,73.71,25.85,29.03,68.8,75
1/21/2025 16:00,3/3/2026 10:03,4.63,4.02,-13.17,60.94,39.79,-34.71,327.51,950,190.07,1.31,3.04,132.06,26.08,29.03,69.49,75
1/21/2025 17:00,3/3/2026 10:03,4.68,4.02,-14.1,62.61,39.79,-36.45,224.25,950,323.63,0.74,3.04,310.81,25.22,29.03,62.83,75
1/21/2025 18:00,3/3/2026 10:03,3.72,4.02,8.06,31.49,39.79,26.36,18.94,950,4915.84,0.03,3.04,10033.33,25.73,29.03,65.6,75
1/21/2025 19:00,3/3/2026 10:03,5.27,4.02,-23.72,89.64,39.79,-55.61,8.62,950,10920.88,0.02,3.04,15100,25.48,29.03,63.15,75
1/21/2025 20:00,3/3/2026 10:03,4.84,4.02,-16.94,69.37,39.79,-42.64,3.35,950,28258.21,0.01,3.04,30300,25.68,29.03,60.86,75
1/21/2025 21:00,3/3/2026 10:03,3.37,4.02,19.29,23.41,39.79,69.97,12.29,950,7629.86,0.02,3.04,15100,25.73,29.03,65.75,75
1/21/2025 22:00,3/3/2026 10:03,4.68,4.02,-14.1,62.6,39.79,-36.44,19.7,950,4722.34,0.04,3.04,7500,25.58,29.03,68.58,75
1/21/2025 23:00,3/3/2026 10:03,4.13,4.02,-2.66,43.03,39.79,-7.53,8.07,950,11672,0.01,3.04,30300,25.81,29.03,69.78,75
1/22/2025 0:00,3/3/2026 10:03,3.42,4.02,17.54,24.52,39.79,62.28,16.34,950,5713.95,0.03,3.04,10033.33,24.52,29.03,84.04,75
1/22/2025 1:00,3/3/2026 10:03,2.77,4.02,45.13,13.03,39.79,205.37,5.91,950,15974.45,0.01,3.04,30300,24.32,29.03,85.9,75
1/22/2025 2:00,3/3/2026 10:03,3.4,4.02,18.24,24.05,39.79,65.45,17.15,950,5439.36,0.03,3.04,10033.33,24.7,29.03,78.82,75
1/22/2025 3:00,3/3/2026 10:03,2.86,4.02,40.56,14.29,39.79,178.45,9.24,950,10181.39,0.02,3.04,15100,24.45,29.03,82.75,75
1/22/2025 4:00,3/3/2026 10:03,2.01,4.02,100,4.99,39.79,697.39,18.98,950,4905.27,0.04,3.04,7500,24.34,29.03,81.06,75
1/22/2025 5:00,3/3/2026 10:03,3.5,4.02,14.86,26.32,39.79,51.18,16.13,950,5789.65,0.03,3.04,10033.33,24.54,29.03,85.97,75
1/22/2025 6:00,3/3/2026 10:03,4.49,4.02,-10.47,55.42,39.79,-28.2,0,950,100,0,3.04,100,26.35,29.03,68.8,75
1/22/2025 7:00,3/3/2026 10:03,3.46,4.02,16.18,25.39,39.79,56.72,115.95,950,719.32,0.18,3.04,1588.89,25.86,29.03,62.06,75
1/22/2025 8:00,3/3/2026 10:03,4.3,4.02,-6.51,48.73,39.79,-18.35,238.08,950,299.03,0.36,3.04,744.44,25.68,29.03,60.59,75
1/22/2025 9:00,3/3/2026 10:03,3.64,4.02,10.44,29.49,39.79,34.93,372.27,950,155.19,0.64,3.04,375,26.38,29.03,67.66,75
1/22/2025 10:00,3/3/2026 10:03,6.32,4.02,-36.39,154.77,39.79,-74.29,493.61,950,92.46,0.88,3.04,245.45,27.67,29.03,56.48,75
1/22/2025 11:00,3/3/2026 10:03,5.84,4.02,-31.16,121.93,39.79,-67.37,438.88,950,116.46,0.71,3.04,328.17,27.18,29.03,56.3,75
1/22/2025 12:00,3/3/2026 10:03,5.92,4.02,-32.09,127.32,39.79,-68.75,705.97,950,34.57,1.67,3.04,82.04,27.89,29.03,59.2,75
1/22/2025 13:00,3/3/2026 10:03,5.66,4.02,-28.98,111.3,39.79,-64.25,611.65,950,55.32,1.74,3.04,74.71,27.95,29.03,61.13,75
1/22/2025 14:00,3/3/2026 10:03,5.36,4.02,-25,94.37,39.79,-57.84,523.96,950,81.31,1.8,3.04,68.89,27.56,29.03,52.4,75
1/22/2025 15:00,3/3/2026 10:03,6.02,4.02,-33.22,133.51,39.79,-70.2,415.64,950,128.56,1.66,3.04,83.13,25.17,29.03,68.42,75
1/22/2025 16:00,3/3/2026 10:03,5,4.02,-19.6,76.74,39.79,-48.15,302.67,950,213.87,1.15,3.04,164.35,25.21,29.03,61.8,75
1/22/2025 17:00,3/3/2026 10:03,5.11,4.02,-21.33,81.78,39.79,-51.35,218.21,950,335.36,0.88,3.04,245.45,25.26,29.03,61.35,75
1/22/2025 18:00,3/3/2026 10:03,4.9,4.02,-17.96,72.13,39.79,-44.84,2.95,950,32103.39,0.01,3.04,30300,25.7,29.03,63.09,75
1/22/2025 19:00,3/3/2026 10:03,3.46,4.02,16.18,25.41,39.79,56.59,13.19,950,7102.43,0.02,3.04,15100,26.02,29.03,62.04,75
1/22/2025 20:00,3/3/2026 10:03,4.39,4.02,-8.43,51.73,39.79,-23.08,19.41,950,4794.38,0.03,3.04,10033.33,25.86,29.03,64.82,75
1/22/2025 21:00,3/3/2026 10:03,3.91,4.02,2.81,36.65,39.79,8.57,18.77,950,4961.27,0.03,3.04,10033.33,26.07,29.03,64.43,75
1/22/2025 22:00,3/3/2026 10:03,4.23,4.02,-4.96,46.48,39.79,-14.39,11.48,950,8175.26,0.02,3.04,15100,25.95,29.03,68.66,75
1/22/2025 23:00,3/3/2026 10:03,4,4.02,0.5,39.13,39.79,1.69,15.61,950,5985.84,0.03,3.04,10033.33,25.98,29.03,68.67,75
1/23/2025 0:00,3/3/2026 10:03,1.84,4.02,118.48,3.79,39.79,949.87,13.67,950,6849.52,0.03,3.04,10033.33,24.39,29.03,84.28,75
1/23/2025 1:00,3/3/2026 10:03,2.37,4.02,69.62,8.14,39.79,388.82,5.4,950,17492.59,0.01,3.04,30300,25.04,29.03,86.6,75
1/23/2025 2:00,3/3/2026 10:03,2.85,4.02,41.05,14.11,39.79,182,10.36,950,9069.88,0.02,3.04,15100,25.2,29.03,78.33,75
1/23/2025 3:00,3/3/2026 10:03,1.64,4.02,145.12,2.68,39.79,1384.7,12.27,950,7642.46,0.02,3.04,15100,25.08,29.03,84.24,75
1/23/2025 4:00,3/3/2026 10:03,1.93,4.02,108.29,4.38,39.79,808.45,10.33,950,9096.52,0.02,3.04,15100,24.64,29.03,85.58,75
1/23/2025 5:00,3/3/2026 10:03,3.01,4.02,33.55,16.72,39.79,137.98,16.09,950,5804.29,0.03,3.04,10033.33,24.88,29.03,82.08,75
1/23/2025 6:00,3/3/2026 10:03,3.63,4.02,10.74,29.29,39.79,35.85,0,950,100,0,3.04,100,25.79,29.03,66.69,75
1/23/2025 7:00,3/3/2026 10:03,3.73,4.02,7.77,31.9,39.79,24.73,138.09,950,587.96,0.23,3.04,1221.74,26.04,29.03,68.78,75
1/23/2025 8:00,3/3/2026 10:03,5,4.02,-19.6,76.55,39.79,-48.02,174.54,950,444.29,0.22,3.04,1281.82,26.21,29.03,65.2,75
1/23/2025 9:00,3/3/2026 10:03,4.32,4.02,-6.94,49.33,39.79,-19.34,366.25,950,159.39,0.67,3.04,353.73,26.38,29.03,63.18,75
1/23/2025 10:00,3/3/2026 10:03,6.52,4.02,-38.34,169.84,39.79,-76.57,422.11,950,125.06,0.77,3.04,294.81,27.94,29.03,55.62,75
1/23/2025 11:00,3/3/2026 10:03,6.08,4.02,-33.88,138,39.79,-71.17,437.53,950,117.13,0.76,3.04,300,27.81,29.03,56.54,75
1/23/2025 12:00,3/3/2026 10:03,4.86,4.02,-17.28,70.19,39.79,-43.31,544.26,950,74.55,0.91,3.04,234.07,28.09,29.03,61.46,75
1/23/2025 13:00,3/3/2026 10:03,4.88,4.02,-17.62,71.01,39.79,-43.97,640.85,950,48.24,2.22,3.04,36.94,27.5,29.03,53.87,75
1/23/2025 14:00,3/3/2026 10:03,5.74,4.02,-29.97,115.87,39.79,-65.66,388.28,950,144.67,0.86,3.04,253.49,27.29,29.03,52.38,75
1/23/2025 15:00,3/3/2026 10:03,6.67,4.02,-39.73,181.7,39.79,-78.1,391.79,950,142.48,1.38,3.04,120.29,25.41,29.03,61.01,75
1/23/2025 16:00,3/3/2026 10:03,4.12,4.02,-2.43,42.88,39.79,-7.21,322.02,950,195.01,1.38,3.04,120.29,25.64,29.03,68.91,75
1/23/2025 17:00,3/3/2026 10:03,3.32,4.02,21.08,22.47,39.79,77.08,247,950,284.62,1.07,3.04,184.11,25.47,29.03,64.68,75
1/23/2025 18:00,3/3/2026 10:03,3.61,4.02,11.36,28.79,39.79,38.21,8.79,950,10707.74,0.02,3.04,15100,26.07,29.03,60.77,75
1/23/2025 19:00,3/3/2026 10:03,4.39,4.02,-8.43,51.84,39.79,-23.24,17.77,950,5246.09,0.03,3.04,10033.33,25.57,29.03,69.73,75
1/23/2025 20:00,3/3/2026 10:03,3.8,4.02,5.79,33.6,39.79,18.42,12.06,950,7777.28,0.02,3.04,15100,25.62,29.03,64.66,75
1/23/2025 21:00,3/3/2026 10:03,3.7,4.02,8.65,30.91,39.79,28.73,14.49,950,6456.25,0.03,3.04,10033.33,25.14,29.03,60.38,75
1/23/2025 22:00,3/3/2026 10:03,5.15,4.02,-21.94,83.45,39.79,-52.32,10.38,950,9052.22,0.02,3.04,15100,25.31,29.03,66.6,75
1/23/2025 23:00,3/3/2026 10:03,4.24,4.02,-5.19,46.84,39.79,-15.05,16.96,950,5501.42,0.03,3.04,10033.33,25.24,29.03,66.85,75
1/24/2025 0:00,3/3/2026 10:03,1.83,4.02,119.67,3.78,39.79,952.65,16.47,950,5668.06,0.03,3.04,10033.33,24.89,29.03,80.86,75
1/24/2025 1:00,3/3/2026 10:03,1.74,4.02,131.03,3.25,39.79,1124.31,2.22,950,42692.79,0,3.04,100,24.5,29.03,84.74,75
1/24/2025 2:00,3/3/2026 10:03,3.59,4.02,11.98,28.39,39.79,40.15,18.78,950,4958.57,0.03,3.04,10033.33,24.75,29.03,82.29,75
1/24/2025 3:00,3/3/2026 10:03,3.33,4.02,20.72,22.58,39.79,76.22,3.89,950,24321.59,0.01,3.04,30300,25.03,29.03,82.67,75
1/24/2025 4:00,3/3/2026 10:03,2.99,4.02,34.45,16.38,39.79,142.92,15.6,950,5989.74,0.03,3.04,10033.33,24.98,29.03,87,75
1/24/2025 5:00,3/3/2026 10:03,3.14,4.02,28.03,19.03,39.79,109.09,19.71,950,4719.89,0.04,3.04,7500,24.37,29.03,87.85,75
1/24/2025 6:00,3/3/2026 10:03,4.24,4.02,-5.19,46.74,39.79,-14.87,0,950,100,0,3.04,100,26.21,29.03,68.01,75
1/24/2025 7:00,3/3/2026 10:03,4.93,4.02,-18.46,73.24,39.79,-45.67,115.84,950,720.1,0.18,3.04,1588.89,25.74,29.03,67.87,75
1/24/2025 8:00,3/3/2026 10:03,3.46,4.02,16.18,25.38,39.79,56.78,207.16,950,358.58,0.28,3.04,985.71,26.03,29.03,66.73,75
1/24/2025 9:00,3/3/2026 10:03,4.11,4.02,-2.19,42.45,39.79,-6.27,339.28,950,180,0.5,3.04,508,26.14,29.03,69.53,75
1/24/2025 10:00,3/3/2026 10:03,6.73,4.02,-40.27,187.02,39.79,-78.72,466.94,950,103.45,0.93,3.04,226.88,28.1,29.03,59.04,75
1/24/2025 11:00,3/3/2026 10:03,5.58,4.02,-27.96,106.7,39.79,-62.71,499.19,950,90.31,1.14,3.04,166.67,27.49,29.03,56.14,75
1/24/2025 12:00,3/3/2026 10:03,6.65,4.02,-39.55,179.72,39.79,-77.86,713.14,950,33.21,1.85,3.04,64.32,27.49,29.03,53.45,75
1/24/2025 13:00,3/3/2026 10:03,6.44,4.02,-37.58,163.67,39.79,-75.69,547.48,950,73.52,1.44,3.04,111.11,27.5,29.03,54.09,75
1/24/2025 14:00,3/3/2026 10:03,6.7,4.02,-40,184.4,39.79,-78.42,579.39,950,63.97,2.18,3.04,39.45,28.03,29.03,57.66,75
1/24/2025 15:00,3/3/2026 10:03,5.69,4.02,-29.35,112.82,39.79,-64.73,442.37,950,114.75,1.97,3.04,54.31,25.24,29.03,63.24,75
1/24/2025 16:00,3/3/2026 10:03,5.1,4.02,-21.18,81.32,39.79,-51.07,293.87,950,223.27,1.13,3.04,169.03,25.57,29.03,66.68,75
1/24/2025 17:00,3/3/2026 10:03,3.36,4.02,19.64,23.24,39.79,71.21,230.61,950,311.95,0.88,3.04,245.45,25.6,29.03,68.77,75
1/24/2025 18:00,3/3/2026 10:03,4.93,4.02,-18.46,73.52,39.79,-45.88,1.99,950,47638.69,0,3.04,100,26.1,29.03,69.43,75
1/24/2025 19:00,3/3/2026 10:03,4.27,4.02,-5.85,47.59,39.79,-16.39,16.63,950,5612.57,0.03,3.04,10033.33,25.94,29.03,65.24,75
1/24/2025 20:00,3/3/2026 10:03,3.41,4.02,17.89,24.25,39.79,64.08,0.45,950,211011.11,0,3.04,100,25.43,29.03,68.68,75
1/24/2025 21:00,3/3/2026 10:03,5.24,4.02,-23.28,88.29,39.79,-54.93,18.54,950,5024.06,0.03,3.04,10033.33,25.24,29.03,65.78,75
1/24/2025 22:00,3/3/2026 10:03,3.81,4.02,5.51,34,39.79,17.03,4.42,950,21393.21,0.01,3.04,30300,25.14,29.03,64.22,75
1/24/2025 23:00,3/3/2026 10:03,3.81,4.02,5.51,33.76,39.79,17.86,6.5,950,14515.38,0.01,3.04,30300,25.21,29.03,60.99,75
1/25/2025 0:00,3/3/2026 10:03,2.04,4.02,97.06,5.22,39.79,662.26,16.16,950,5778.71,0.03,3.04,10033.33,24.74,29.03,82.76,75
1/25/2025 1:00,3/3/2026 10:03,3.49,4.02,15.19,25.99,39.79,53.1,19.43,950,4789.35,0.04,3.04,7500,25.09,29.03,80.83,75
1/25/2025 2:00,3/3/2026 10:03,3.53,4.02,13.88,27.02,39.79,47.26,13.72,950,6824.2,0.02,3.04,15100,24.89,29.03,82.48,75
1/25/2025 3:00,3/3/2026 10:03,2.93,4.02,37.2,15.35,39.79,159.22,16.72,950,5581.82,0.03,3.04,10033.33,24.98,29.03,81.69,75
1/25/2025 4:00,3/3/2026 10:03,3.45,4.02,16.52,25.19,39.79,57.96,19.26,950,4832.5,0.03,3.04,10033.33,24.79,29.03,83.81,75
1/25/2025 5:00,3/3/2026 10:03,3.54,4.02,13.56,27.09,39.79,46.88,5.71,950,16537.48,0.01,3.04,30300,24.79,29.03,81.09,75
1/25/2025 6:00,3/3/2026 10:03,5,4.02,-19.6,76.69,39.79,-48.12,0,950,100,0,3.04,100,26.15,29.03,66.27,75
1/25/2025 7:00,3/3/2026 10:03,3.84,4.02,4.69,34.64,39.79,14.87,96.1,950,888.55,0.16,3.04,1800,25.91,29.03,61.2,75
1/25/2025 8:00,3/3/2026 10:03,3.89,4.02,3.34,35.95,39.79,10.68,204.8,950,363.87,0.3,3.04,913.33,26.23,29.03,60.07,75
1/25/2025 9:00,3/3/2026 10:03,3.64,4.02,10.44,29.56,39.79,34.61,289.31,950,228.37,0.43,3.04,606.98,25.55,29.03,63.59,75
1/25/2025 10:00,3/3/2026 10:03,5.02,4.02,-19.92,77.33,39.79,-48.55,408.8,950,132.39,0.61,3.04,398.36,27.46,29.03,57.36,75
1/25/2025 11:00,3/3/2026 10:03,5.46,4.02,-26.37,99.59,39.79,-60.05,585.99,950,62.12,1.26,3.04,141.27,27.32,29.03,58.61,75
1/25/2025 12:00,3/3/2026 10:03,4.97,4.02,-19.11,75.02,39.79,-46.96,565.84,950,67.89,1.22,3.04,149.18,27.42,29.03,56,75
1/25/2025 13:00,3/3/2026 10:03,5.24,4.02,-23.28,88.25,39.79,-54.91,560.98,950,69.35,1.46,3.04,108.22,27.82,29.03,53.17,75
1/25/2025 14:00,3/3/2026 10:03,6.66,4.02,-39.64,180.71,39.79,-77.98,568.73,950,67.04,1.93,3.04,57.51,27.31,29.03,61.93,75
1/25/2025 15:00,3/3/2026 10:03,5.61,4.02,-28.34,107.92,39.79,-63.13,373.96,950,154.04,1.33,3.04,128.57,25.21,29.03,60.94,75
1/25/2025 16:00,3/3/2026 10:03,3.95,4.02,1.77,37.64,39.79,5.71,347.31,950,173.53,1.56,3.04,94.87,25.13,29.03,66.79,75
1/25/2025 17:00,3/3/2026 10:03,4.31,4.02,-6.73,49,39.79,-18.8,262.49,950,261.92,1.16,3.04,162.07,25.85,29.03,67.7,75
1/25/2025 18:00,3/3/2026 10:03,3.48,4.02,15.52,25.78,39.79,54.34,12.3,950,7623.58,0.02,3.04,15100,25.72,29.03,66.14,75
1/25/2025 19:00,3/3/2026 10:03,4.03,4.02,-0.25,39.99,39.79,-0.5,12.8,950,7321.88,0.02,3.04,15100,25.68,29.03,64.59,75
1/25/2025 20:00,3/3/2026 10:03,3.44,4.02,16.86,25.02,39.79,59.03,18.27,950,5099.78,0.03,3.04,10033.33,25.37,29.03,60.55,75
1/25/2025 21:00,3/3/2026 10:03,4.78,4.02,-15.9,66.86,39.79,-40.49,9.58,950,9816.49,0.02,3.04,15100,25.91,29.03,65.48,75
1/25/2025 22:00,3/3/2026 10:03,4.06,4.02,-0.99,41.08,39.79,-3.14,19.46,950,4781.81,0.03,3.04,10033.33,25.33,29.03,63.75,75
1/25/2025 23:00,3/3/2026 10:03,3.36,4.02,19.64,23.27,39.79,70.99,17.57,950,5306.94,0.03,3.04,10033.33,25.82,29.03,69.68,75
1/26/2025 0:00,3/3/2026 10:03,2.5,4.02,60.8,9.57,39.79,315.78,18.87,950,4934.45,0.03,3.04,10033.33,24.51,29.03,84.26,75
1/26/2025 1:00,3/3/2026 10:03,3.06,4.02,31.37,17.58,39.79,126.34,6.9,950,13668.12,0.01,3.04,30300,24.95,29.03,87.91,75
1/26/2025 2:00,3/3/2026 10:03,1.94,4.02,107.22,4.48,39.79,788.17,5.75,950,16421.74,0.01,3.04,30300,25.01,29.03,85.78,75
1/26/2025 3:00,3/3/2026 10:03,1.96,4.02,105.1,4.63,39.79,759.4,14.89,950,6280.12,0.03,3.04,10033.33,24.65,29.03,84.65,75
1/26/2025 4:00,3/3/2026 10:03,3.5,4.02,14.86,26.31,39.79,51.24,9.87,950,9525.13,0.02,3.04,15100,24.8,29.03,85.03,75
1/26/2025 5:00,3/3/2026 10:03,1.95,4.02,106.15,4.53,39.79,778.37,11.16,950,8412.54,0.02,3.04,15100,24.85,29.03,79.39,75
1/26/2025 6:00,3/3/2026 10:03,4.97,4.02,-19.11,75.36,39.79,-47.2,0,950,100,0,3.04,100,26.05,29.03,64.79,75
1/26/2025 7:00,3/3/2026 10:03,3.91,4.02,2.81,36.54,39.79,8.89,71.32,950,1232.02,0.09,3.04,3277.78,25.55,29.03,62.78,75
1/26/2025 8:00,3/3/2026 10:03,4.78,4.02,-15.9,66.8,39.79,-40.43,221.81,950,328.29,0.35,3.04,768.57,26.14,29.03,66.29,75
1/26/2025 9:00,3/3/2026 10:03,5.29,4.02,-24.01,90.48,39.79,-56.02,375.63,950,152.91,0.68,3.04,347.06,25.71,29.03,68.99,75
1/26/2025 10:00,3/3/2026 10:03,5.94,4.02,-32.32,128.18,39.79,-68.96,389.59,950,143.85,0.55,3.04,452.73,27.34,29.03,52.57,75
1/26/2025 11:00,3/3/2026 10:03,6.6,4.02,-39.09,176.39,39.79,-77.44,439.35,950,116.23,0.68,3.04,347.06,28.02,29.03,58.73,75
1/26/2025 12:00,3/3/2026 10:03,5.13,4.02,-21.64,82.71,39.79,-51.89,513.96,950,84.84,0.93,3.04,226.88,27.76,29.03,52.91,75
1/26/2025 13:00,3/3/2026 10:03,4.96,4.02,-18.95,74.87,39.79,-46.85,633.7,950,49.91,1.85,3.04,64.32,27.74,29.03,59.37,75
1/26/2025 14:00,3/3/2026 10:03,6.59,4.02,-39,175.01,39.79,-77.26,423.22,950,124.47,1.2,3.04,153.33,27.76,29.03,57.62,75
1/26/2025 15:00,3/3/2026 10:03,5.1,4.02,-21.18,81.07,39.79,-50.92,463.55,950,104.94,2.16,3.04,40.74,25.56,29.03,60.05,75
1/26/2025 16:00,3/3/2026 10:03,4.22,4.02,-4.74,46.13,39.79,-13.74,370.2,950,156.62,1.62,3.04,87.65,25.29,29.03,68.99,75
1/26/2025 17:00,3/3/2026 10:03,3.39,4.02,18.58,23.76,39.79,67.47,217.17,950,337.45,0.73,3.04,316.44,25.64,29.03,66.5,75
1/26/2025 18:00,3/3/2026 10:03,4.63,4.02,-13.17,60.67,39.79,-34.42,7.8,950,12079.49,0.01,3.04,30300,25.79,29.03,68.85,75
1/26/2025 19:00,3/3/2026 10:03,3.73,4.02,7.77,31.81,39.79,25.09,6.6,950,14293.94,0.01,3.04,30300,25.76,29.03,62.92,75
1/26/2025 20:00,3/3/2026 10:03,4.04,4.02,-0.5,40.37,39.79,-1.44,0.86,950,110365.12,0,3.04,100,25.28,29.03,60.52,75
1/26/2025 21:00,3/3/2026 10:03,4.47,4.02,-10.07,54.64,39.79,-27.18,13.82,950,6774.1,0.03,3.04,10033.33,25.65,29.03,69.84,75
1/26/2025 22:00,3/3/2026 10:03,4.27,4.02,-5.85,47.81,39.79,-16.77,4.04,950,23414.85,0.01,3.04,30300,25.5,29.03,61.02,75
1/26/2025 23:00,3/3/2026 10:03,3.78,4.02,6.35,33.12,39.79,20.14,17.36,950,5372.35,0.03,3.04,10033.33,25.9,29.03,67.98,75
1/27/2025 0:00,3/3/2026 10:03,1.95,4.02,106.15,4.56,39.79,772.59,9.28,950,10137.07,0.02,3.04,15100,25.22,29.03,84.93,75
1/27/2025 1:00,3/3/2026 10:03,2.39,4.02,68.2,8.41,39.79,373.13,7.82,950,12048.34,0.01,3.04,30300,25.25,29.03,79.62,75
1/27/2025 2:00,3/3/2026 10:03,3.39,4.02,18.58,23.84,39.79,66.9,17.75,950,5252.11,0.03,3.04,10033.33,25.15,29.03,79.44,75
1/27/2025 3:00,3/3/2026 10:03,1.87,4.02,114.97,4.01,39.79,892.27,19.74,950,4712.56,0.04,3.04,7500,24.3,29.03,82.96,75
1/27/2025 4:00,3/3/2026 10:03,2.52,4.02,59.52,9.83,39.79,304.78,1.02,950,93037.25,0,3.04,100,25.04,29.03,82.98,75
1/27/2025 5:00,3/3/2026 10:03,2.62,4.02,53.44,11,39.79,261.73,12.71,950,7374.43,0.02,3.04,15100,24.89,29.03,78.79,75
1/27/2025 6:00,3/3/2026 10:03,4.48,4.02,-10.27,55.02,39.79,-27.68,10.83,950,8671.93,0.02,3.04,15100,26.45,29.03,62.37,75
1/27/2025 7:00,3/3/2026 10:03,4.84,4.02,-16.94,69.39,39.79,-42.66,140.74,950,575,0.24,3.04,1166.67,25.83,29.03,61.43,75
1/27/2025 8:00,3/3/2026 10:03,3.7,4.02,8.65,31.08,39.79,28.02,207.4,950,358.05,0.34,3.04,794.12,26.05,29.03,60.58,75
1/27/2025 9:00,3/3/2026 10:03,4.51,4.02,-10.86,56.02,39.79,-28.97,307.67,950,208.77,0.43,3.04,606.98,25.51,29.03,64,75
1/27/2025 10:00,3/3/2026 10:03,5.91,4.02,-31.98,126.47,39.79,-68.54,461.01,950,106.07,0.83,3.04,266.27,27.36,29.03,57.48,75
1/27/2025 11:00,3/3/2026 10:03,6.11,4.02,-34.21,139.69,39.79,-71.52,614.4,950,54.62,1.68,3.04,80.95,27.82,29.03,55.16,75
1/27/2025 12:00,3/3/2026 10:03,6.7,4.02,-40,183.97,39.79,-78.37,659.35,950,44.08,1.67,3.04,82.04,27.86,29.03,53.95,75
1/27/2025 13:00,3/3/2026 10:03,6.5,4.02,-38.15,168.01,39.79,-76.32,542.44,950,75.13,1.59,3.04,91.19,27.52,29.03,56.06,75
1/27/2025 14:00,3/3/2026 10:03,6.02,4.02,-33.22,133.72,39.79,-70.24,531.23,950,78.83,1.79,3.04,69.83,28.1,29.03,52.28,75
1/27/2025 15:00,3/3/2026 10:03,5.8,4.02,-30.69,119.3,39.79,-66.65,415.86,950,128.44,1.55,3.04,96.13,26.08,29.03,63.42,75
1/27/2025 16:00,3/3/2026 10:03,3.33,4.02,20.72,22.65,39.79,75.67,372.88,950,154.77,1.57,3.04,93.63,25.68,29.03,63.56,75
1/27/2025 17:00,3/3/2026 10:03,3.5,4.02,14.86,26.29,39.79,51.35,271.96,950,249.32,1.17,3.04,159.83,25.42,29.03,65.21,75
1/27/2025 18:00,3/3/2026 10:03,4.66,4.02,-13.73,62.05,39.79,-35.87,2.61,950,36298.47,0.01,3.04,30300,25.14,29.03,62.72,75
1/27/2025 19:00,3/3/2026 10:03,4.56,4.02,-11.84,58.18,39.79,-31.61,2.56,950,37009.38,0,3.04,100,25.88,29.03,62.56,75
1/27/2025 20:00,3/3/2026 10:03,4.82,4.02,-16.6,68.62,39.79,-42.01,11.98,950,7829.88,0.02,3.04,15100,25.85,29.03,61.22,75
1/27/2025 21:00,3/3/2026 10:03,5.25,4.02,-23.43,88.38,39.79,-54.98,1.33,950,71328.57,0,3.04,100,25.41,29.03,64.71,75
1/27/2025 22:00,3/3/2026 10:03,4.54,4.02,-11.45,57.27,39.79,-30.52,5.96,950,15839.6,0.01,3.04,30300,25.65,29.03,69.92,75
1/27/2025 23:00,3/3/2026 10:03,4.1,4.02,-1.95,42.15,39.79,-5.6,14.03,950,6671.2,0.02,3.04,15100,25.17,29.03,65.36,75
1/28/2025 0:00,3/3/2026 10:03,1.98,4.02,103.03,4.74,39.79,739.45,3.06,950,30945.75,0.01,3.04,30300,24.5,29.03,85.96,75
1/28/2025 1:00,3/3/2026 10:03,1.82,4.02,120.88,3.72,39.79,969.62,5.5,950,17172.73,0.01,3.04,30300,25.27,29.03,81.51,75
1/28/2025 2:00,3/3/2026 10:03,2.05,4.02,96.1,5.3,39.79,650.75,17.79,950,5240.08,0.03,3.04,10033.33,24.7,29.03,83.26,75
1/28/2025 3:00,3/3/2026 10:03,2.96,4.02,35.81,15.9,39.79,150.25,4.38,950,21589.5,0.01,3.04,30300,24.68,29.03,86.92,75
1/28/2025 4:00,3/3/2026 10:03,2.24,4.02,79.46,6.88,39.79,478.34,16.44,950,5678.59,0.03,3.04,10033.33,24.55,29.03,80.44,75
1/28/2025 5:00,3/3/2026 10:03,2.1,4.02,91.43,5.67,39.79,601.76,3.38,950,28006.51,0.01,3.04,30300,24.42,29.03,85.4,75
1/28/2025 6:00,3/3/2026 10:03,3.46,4.02,16.18,25.35,39.79,56.96,0,950,100,0,3.04,100,25.53,29.03,62.59,75
1/28/2025 7:00,3/3/2026 10:03,4.8,4.02,-16.25,67.71,39.79,-41.23,129.8,950,631.9,0.21,3.04,1347.62,25.79,29.03,60.2,75
1/28/2025 8:00,3/3/2026 10:03,5.16,4.02,-22.09,84.3,39.79,-52.8,272.95,950,248.05,0.47,3.04,546.81,25.86,29.03,66.02,75
1/28/2025 9:00,3/3/2026 10:03,4.25,4.02,-5.41,47.18,39.79,-15.66,278.38,950,241.26,0.34,3.04,794.12,25.7,29.03,60.95,75
1/28/2025 10:00,3/3/2026 10:03,5.54,4.02,-27.44,104.35,39.79,-61.87,395.24,950,140.36,0.59,3.04,415.25,27.29,29.03,59.86,75
1/28/2025 11:00,3/3/2026 10:03,6.57,4.02,-38.81,173.82,39.79,-77.11,507.54,950,87.18,0.99,3.04,207.07,27.7,29.03,55.91,75
1/28/2025 12:00,3/3/2026 10:03,6.24,4.02,-35.58,148.97,39.79,-73.29,633.99,950,49.84,1.56,3.04,94.87,27.39,29.03,56.34,75
1/28/2025 13:00,3/3/2026 10:03,5.34,4.02,-24.72,93.3,39.79,-57.35,611.73,950,55.3,2.21,3.04,37.56,27.79,29.03,59.09,75
1/28/2025 14:00,3/3/2026 10:03,5.55,4.02,-27.57,104.7,39.79,-62,430.52,950,120.66,1.14,3.04,166.67,27.57,29.03,60.83,75
1/28/2025 15:00,3/3/2026 10:03,5.68,4.02,-29.23,112.34,39.79,-64.58,445.53,950,113.23,1.97,3.04,54.31,25.58,29.03,67.56,75
1/28/2025 16:00,3/3/2026 10:03,4.06,4.02,-0.99,41.14,39.79,-3.28,364.27,950,160.8,1.55,3.04,96.13,25.99,29.03,60.31,75
1/28/2025 17:00,3/3/2026 10:03,5.07,4.02,-20.71,79.61,39.79,-50.02,240.23,950,295.45,1.07,3.04,184.11,25.23,29.03,62.83,75
1/28/2025 18:00,3/3/2026 10:03,4.3,4.02,-6.51,48.84,39.79,-18.53,16.17,950,5775.08,0.03,3.04,10033.33,25.34,29.03,65.1,75
1/28/2025 19:00,3/3/2026 10:03,3.88,4.02,3.61,35.82,39.79,11.08,6.26,950,15075.72,0.01,3.04,30300,25.1,29.03,67.67,75
1/28/2025 20:00,3/3/2026 10:03,3.68,4.02,9.24,30.44,39.79,30.72,14.08,950,6647.16,0.02,3.04,15100,25.66,29.03,63.95,75
1/28/2025 21:00,3/3/2026 10:03,4.39,4.02,-8.43,51.73,39.79,-23.08,10.68,950,8795.13,0.02,3.04,15100,25.56,29.03,61.78,75
1/28/2025 22:00,3/3/2026 10:03,4.64,4.02,-13.36,61,39.79,-34.77,9.92,950,9476.61,0.02,3.04,15100,26.08,29.03,64.79,75
1/28/2025 23:00,3/3/2026 10:03,4.22,4.02,-4.74,46.06,39.79,-13.61,18.52,950,5029.59,0.03,3.04,10033.33,26.01,29.03,69.47,75
1/29/2025 0:00,3/3/2026 10:03,3.4,4.02,18.24,24.07,39.79,65.31,15.74,950,5935.58,0.03,3.04,10033.33,24.69,29.03,86.32,75
1/29/2025 1:00,3/3/2026 10:03,2.05,4.02,96.1,5.3,39.79,650.75,19.31,950,4819.73,0.04,3.04,7500,24.76,29.03,79.25,75
1/29/2025 2:00,3/3/2026 10:03,1.78,4.02,125.84,3.47,39.79,1046.69,9.82,950,9574.13,0.02,3.04,15100,25.05,29.03,85.91,75
1/29/2025 3:00,3/3/2026 10:03,2.22,4.02,81.08,6.71,39.79,493,17.62,950,5291.6,0.03,3.04,10033.33,24.7,29.03,85.83,75
1/29/2025 4:00,3/3/2026 10:03,2.72,4.02,47.79,12.29,39.79,223.76,9.73,950,9663.62,0.02,3.04,15100,24.69,29.03,78.29,75
1/29/2025 5:00,3/3/2026 10:03,2.8,4.02,43.57,13.38,39.79,197.38,3.64,950,25998.9,0.01,3.04,30300,24.69,29.03,80.25,75
1/29/2025 6:00,3/3/2026 10:03,4.8,4.02,-16.25,67.8,39.79,-41.31,0,950,100,0,3.04,100,25.93,29.03,65.15,75
1/29/2025 7:00,3/3/2026 10:03,4.54,4.02,-11.45,57.18,39.79,-30.41,113.14,950,739.67,0.17,3.04,1688.24,26.33,29.03,62.25,75
1/29/2025 8:00,3/3/2026 10:03,4.95,4.02,-18.79,74.49,39.79,-46.58,238.23,950,298.77,0.39,3.04,679.49,25.79,29.03,60.31,75
1/29/2025 9:00,3/3/2026 10:03,4.3,4.02,-6.51,48.72,39.79,-18.33,343.06,950,176.92,0.63,3.04,382.54,26.37,29.03,63.9,75
1/29/2025 10:00,3/3/2026 10:03,5.93,4.02,-32.21,127.5,39.79,-68.79,507.29,950,87.27,0.96,3.04,216.67,27.79,29.03,52.11,75
1/29/2025 11:00,3/3/2026 10:03,5.45,4.02,-26.24,99.29,39.79,-59.93,446.88,950,112.59,0.56,3.04,442.86,27.69,29.03,56.37,75
1/29/2025 12:00,3/3/2026 10:03,5.35,4.02,-24.86,93.89,39.79,-57.62,714.91,950,32.88,1.68,3.04,80.95,27.13,29.03,58.58,75
1/29/2025 13:00,3/3/2026 10:03,5.98,4.02,-32.78,131.12,39.79,-69.65,556.73,950,70.64,1.5,3.04,102.67,27.86,29.03,54.72,75
1/29/2025 14:00,3/3/2026 10:03,5.63,4.02,-28.6,109.37,39.79,-63.62,517.04,950,83.74,1.65,3.04,84.24,28.07,29.03,55.99,75
1/29/2025 15:00,3/3/2026 10:03,5.12,4.02,-21.48,82.12,39.79,-51.55,340.27,950,179.19,1.06,3.04,186.79,25.93,29.03,61.22,75
1/29/2025 16:00,3/3/2026 10:03,3.63,4.02,10.74,29.41,39.79,35.29,337.31,950,181.64,1.4,3.04,117.14,25.18,29.03,67.78,75
1/29/2025 17:00,3/3/2026 10:03,3.35,4.02,20,23.08,39.79,72.4,255.02,950,272.52,1.07,3.04,184.11,25.78,29.03,64.06,75
1/29/2025 18:00,3/3/2026 10:03,3.98,4.02,1.01,38.48,39.79,3.4,4.81,950,19650.52,0.01,3.04,30300,25.4,29.03,64.96,75
1/29/2025 19:00,3/3/2026 10:03,3.79,4.02,6.07,33.27,39.79,19.6,18.74,950,4969.37,0.03,3.04,10033.33,26,29.03,61.34,75
1/29/2025 20:00,3/3/2026 10:03,4.41,4.02,-8.84,52.57,39.79,-24.31,13.35,950,7016.1,0.02,3.04,15100,25.25,29.03,64.25,75
1/29/2025 21:00,3/3/2026 10:03,4.99,4.02,-19.44,76.33,39.79,-47.87,7.86,950,11986.51,0.01,3.04,30300,26.06,29.03,68.32,75
1/29/2025 22:00,3/3/2026 10:03,4.91,4.02,-18.13,72.46,39.79,-45.09,8.33,950,11304.56,0.01,3.04,30300,25.16,29.03,66.05,75
1/29/2025 23:00,3/3/2026 10:03,5.27,4.02,-23.72,89.79,39.79,-55.69,8.36,950,11263.64,0.01,3.04,30300,25.21,29.03,66.68,75
1/30/2025 0:00,3/3/2026 10:03,2.36,4.02,70.34,8.06,39.79,393.67,18.41,950,5060.24,0.03,3.04,10033.33,24.36,29.03,83.06,75
1/30/2025 1:00,3/3/2026 10:03,1.99,4.02,102.01,4.84,39.79,722.11,7.07,950,13337.06,0.01,3.04,30300,24.72,29.03,78.33,75
1/30/2025 2:00,3/3/2026 10:03,3.3,4.02,21.82,22.04,39.79,80.54,8.39,950,11223,0.02,3.04,15100,24.7,29.03,86.74,75
1/30/2025 3:00,3/3/2026 10:03,1.86,4.02,116.13,3.95,39.79,907.34,6.24,950,15124.36,0.01,3.04,30300,24.92,29.03,83.12,75
1/30/2025 4:00,3/3/2026 10:03,2.21,4.02,81.9,6.57,39.79,505.63,3.75,950,25233.33,0.01,3.04,30300,24.92,29.03,80.02,75
1/30/2025 5:00,3/3/2026 10:03,3.06,4.02,31.37,17.61,39.79,125.95,1.76,950,53877.27,0,3.04,100,24.57,29.03,83.88,75
1/30/2025 6:00,3/3/2026 10:03,4.72,4.02,-14.83,64.56,39.79,-38.37,24.51,950,3775.97,0.04,3.04,7500,26.17,29.03,67.03,75
1/30/2025 7:00,3/3/2026 10:03,4.35,4.02,-7.59,50.54,39.79,-21.27,101.76,950,833.57,0.13,3.04,2238.46,26.21,29.03,63.56,75
1/30/2025 8:00,3/3/2026 10:03,4.74,4.02,-15.19,65.09,39.79,-38.87,173.99,950,446.01,0.22,3.04,1281.82,26.29,29.03,61.93,75
1/30/2025 9:00,3/3/2026 10:03,4.83,4.02,-16.77,68.81,39.79,-42.17,311,950,205.47,0.49,3.04,520.41,26.38,29.03,64.91,75
1/30/2025 10:00,3/3/2026 10:03,5.08,4.02,-20.87,80.4,39.79,-50.51,358.2,950,165.21,0.52,3.04,484.62,27.11,29.03,55.67,75
1/30/2025 11:00,3/3/2026 10:03,5.05,4.02,-20.4,79.04,39.79,-49.66,612.05,950,55.22,1.8,3.04,68.89,27.96,29.03,56.83,75
1/30/2025 12:00,3/3/2026 10:03,6.25,4.02,-35.68,149.89,39.79,-73.45,695.93,950,36.51,2.11,3.04,44.08,27.75,29.03,58.69,75
1/30/2025 13:00,3/3/2026 10:03,5.11,4.02,-21.33,81.69,39.79,-51.29,535.89,950,77.28,1.58,3.04,92.41,28.1,29.03,55.5,75
1/30/2025 14:00,3/3/2026 10:03,4.82,4.02,-16.6,68.64,39.79,-42.03,514.54,950,84.63,1.54,3.04,97.4,27.29,29.03,58.61,75
1/30/2025 15:00,3/3/2026 10:03,5.31,4.02,-24.29,91.57,39.79,-56.55,401.87,950,136.39,1.38,3.04,120.29,25.95,29.03,67.6,75
1/30/2025 16:00,3/3/2026 10:03,4.2,4.02,-4.29,45.26,39.79,-12.09,313.94,950,202.61,1.04,3.04,192.31,25.66,29.03,66.67,75
1/30/2025 17:00,3/3/2026 10:03,3.63,4.02,10.74,29.3,39.79,35.8,268.01,950,254.46,1.24,3.04,145.16,25.42,29.03,66.53,75
1/30/2025 18:00,3/3/2026 10:03,4.83,4.02,-16.77,69,39.79,-42.33,10.78,950,8712.62,0.02,3.04,15100,25.31,29.03,63.36,75
1/30/2025 19:00,3/3/2026 10:03,3.58,4.02,12.29,28.2,39.79,41.1,6.52,950,14470.55,0.01,3.04,30300,26,29.03,66.95,75
1/30/2025 20:00,3/3/2026 10:03,4.25,4.02,-5.41,47.01,39.79,-15.36,18.07,950,5157.33,0.03,3.04,10033.33,25.35,29.03,67.55,75
1/30/2025 21:00,3/3/2026 10:03,4.74,4.02,-15.19,65.14,39.79,-38.92,16.34,950,5713.95,0.03,3.04,10033.33,25.43,29.03,64.02,75
1/30/2025 22:00,3/3/2026 10:03,5.08,4.02,-20.87,80.34,39.79,-50.47,11.47,950,8182.48,0.02,3.04,15100,25.48,29.03,66.45,75
1/30/2025 23:00,3/3/2026 10:03,4.25,4.02,-5.41,46.98,39.79,-15.3,1.28,950,74118.75,0,3.04,100,25.49,29.03,60.12,75
1/31/2025 0:00,3/3/2026 10:03,1.81,4.02,122.1,3.65,39.79,990.14,5.12,950,18454.69,0.01,3.04,30300,24.69,29.03,87.04,75
1/31/2025 1:00,3/3/2026 10:03,1.82,4.02,120.88,3.68,39.79,981.25,11.46,950,8189.7,0.02,3.04,15100,25.06,29.03,80.12,75
1/31/2025 2:00,3/3/2026 10:03,3.33,4.02,20.72,22.72,39.79,75.13,16.75,950,5571.64,0.03,3.04,10033.33,24.58,29.03,81.63,75
1/31/2025 3:00,3/3/2026 10:03,2.22,4.02,81.08,6.69,39.79,494.77,18.86,950,4937.12,0.03,3.04,10033.33,24.47,29.03,79.06,75
1/31/2025 4:00,3/3/2026 10:03,2.68,4.02,50,11.77,39.79,238.06,10.38,950,9052.22,0.02,3.04,15100,24.39,29.03,82.85,75
1/31/2025 5:00,3/3/2026 10:03,3.06,4.02,31.37,17.59,39.79,126.21,11.44,950,8204.2,0.02,3.04,15100,24.62,29.03,86.12,75
1/31/2025 6:00,3/3/2026 10:03,4.55,4.02,-11.65,57.72,39.79,-31.06,29.57,950,3112.72,0.05,3.04,5980,25.82,29.03,65.68,75
1/31/2025 7:00,3/3/2026 10:03,4.01,4.02,0.25,39.51,39.79,0.71,90.67,950,947.76,0.12,3.04,2433.33,26.3,29.03,64.09,75
1/31/2025 8:00,3/3/2026 10:03,4.38,4.02,-8.22,51.41,39.79,-22.6,208.69,950,355.22,0.33,3.04,821.21,25.87,29.03,67.82,75
1/31/2025 9:00,3/3/2026 10:03,3.34,4.02,20.36,22.81,39.79,74.44,322.12,950,194.92,0.46,3.04,560.87,25.85,29.03,66.39,75
1/31/2025 10:00,3/3/2026 10:03,5.71,4.02,-29.6,114.19,39.79,-65.15,427.38,950,122.28,0.62,3.04,390.32,27.11,29.03,54.85,75
1/31/2025 11:00,3/3/2026 10:03,5.53,4.02,-27.31,103.44,39.79,-61.53,597.31,950,59.05,1.42,3.04,114.08,27.61,29.03,53.5,75
1/31/2025 12:00,3/3/2026 10:03,6.21,4.02,-35.27,146.86,39.79,-72.91,660.12,950,43.91,1.9,3.04,60,27.17,29.03,57.11,75
1/31/2025 13:00,3/3/2026 10:03,5.29,4.02,-24.01,90.57,39.79,-56.07,610.8,950,55.53,1.71,3.04,77.78,28.07,29.03,52.96,75
1/31/2025 14:00,3/3/2026 10:03,6.31,4.02,-36.29,154.24,39.79,-74.2,494.06,950,92.28,1.54,3.04,97.4,27.13,29.03,57.2,75
1/31/2025 15:00,3/3/2026 10:03,6.31,4.02,-36.29,153.64,39.79,-74.1,436.08,950,117.85,1.65,3.04,84.24,25.48,29.03,67.18,75
1/31/2025 16:00,3/3/2026 10:03,3.53,4.02,13.88,26.84,39.79,48.25,324.15,950,193.07,1.13,3.04,169.03,25.46,29.03,66.31,75
1/31/2025 17:00,3/3/2026 10:03,3.97,4.02,1.26,38.27,39.79,3.97,271.6,950,249.78,1.3,3.04,133.85,25.78,29.03,62.12,75
1/31/2025 18:00,3/3/2026 10:03,3.52,4.02,14.2,26.75,39.79,48.75,5.43,950,17395.4,0.01,3.04,30300,25.5,29.03,63.69,75
1/31/2025 19:00,3/3/2026 10:03,4.41,4.02,-8.84,52.69,39.79,-24.48,12.99,950,7213.32,0.02,3.04,15100,26.02,29.03,68.12,75
1/31/2025 20:00,3/3/2026 10:03,3.44,4.02,16.86,24.85,39.79,60.12,7.67,950,12285.92,0.01,3.04,30300,25.77,29.03,65.44,75
1/31/2025 21:00,3/3/2026 10:03,3.71,4.02,8.36,31.32,39.79,27.04,9.97,950,9428.59,0.02,3.04,15100,25.57,29.03,65.14,75
1/31/2025 22:00,3/3/2026 10:03,5.28,4.02,-23.86,90.14,39.79,-55.86,10.63,950,8836.97,0.02,3.04,15100,25.45,29.03,64.06,75
1/31/2025 23:00,3/3/2026 10:03,4.03,4.02,-0.25,40.19,39.79,-1,6.26,950,15075.72,0.01,3.04,30300,25.42,29.03,67.52,75
